period,target,gunluk_vaka,toplam_vaka,gunluk_olum,toplam_olum,gasoline_imports,gasoline_exports,crude_imports,crude_exports,gasoline_stocks,crude_stocks,distillate_fuel_stocks,jet_stocks,propane_stocks,gasoline_net_input,gasoline_output,distillate_fuel_output,jet_output,propane_output,residual_fuel_output,conventional_gasoline_spot_price,crude_brent_spot_price,gasoline_future_price1,gasoline_future_price2,gasoline_future_price3,gasoline_future_price4,gasoline_demand
2010-10-15,10639,0.0,0.0,0.0,0.0,779,200,8600,33,219329,1066948,170055,47088,63549,916,9046,4243,1296,1044,414,2.202,83.11,2.139,2.119,2.128,2.146,9460
2010-10-22,10036,0.0,0.0,0.0,0.0,999,200,9463,33,214942,1071996,168442,46829,64284,1142,9214,4381,1345,1021,473,2.146,81.43,2.077,2.063,2.076,2.097,10639
2010-10-29,9886,0.0,0.0,0.0,0.0,871,200,8578,33,212253,1073946,164874,45830,64469,971,8981,4241,1309,1032,401,2.122,82.25,2.098,2.072,2.085,2.106,10036
2010-11-05,9706,0.0,0.0,0.0,0.0,802,200,8089,33,210336,1070399,159902,45940,63833,895,9011,4241,1339,1004,464,2.174,85.6,2.14,2.149,2.17,2.193,9886
2010-11-12,9286,0.0,0.0,0.0,0.0,562,167,7864,34,207679,1063113,158792,44817,64776,795,8932,4311,1374,1006,417,2.242,87.43,2.209,2.194,2.207,2.226,9706
2010-11-19,9245,0.0,0.0,0.0,0.0,784,167,9024,34,209592,1064141,158251,44732,64234,723,8943,4374,1416,1034,452,2.287,83.94,2.187,2.133,2.134,2.147,9286
2010-11-26,9550,0.0,0.0,0.0,0.0,698,167,8446,34,210153,1065206,158057,44946,65375,438,8795,4305,1326,1031,528,2.258,83.51,2.178,2.126,2.13,2.145,9245
2010-12-03,9927,0.0,0.0,0.0,0.0,866,167,9053,34,213964,1061072,160211,45749,63062,536,9396,4493,1402,1088,517,2.359,88.1,2.312,2.271,2.268,2.328,9550
2010-12-10,9953,0.0,0.0,0.0,0.0,876,168,7690,33,214773,1051218,161305,43763,61166,627,9335,4546,1382,1047,496,2.349,90.25,2.324,2.316,2.322,2.419,9927
2010-12-17,10218,0.0,0.0,0.0,0.0,1007,168,8741,33,217173,1045883,160716,43921,57670,627,9457,4630,1419,1044,574,2.329,90.91,2.309,2.307,2.317,2.417,9953
2010-12-24,8795,0.0,0.0,0.0,0.0,775,168,8813,33,214857,1044625,160959,43613,55235,885,9281,4657,1413,1072,419,2.452,92.9,2.411,2.394,2.392,2.485,10218
2010-12-31,8702,0.0,0.0,0.0,0.0,513,168,8446,33,218146,1040464,162107,44088,52558,14,8920,4625,1422,1072,513,2.43,93.17,2.412,2.402,2.407,2.502,8795
2011-01-07,8755,0.0,0.0,0.0,0.0,871,168,8895,33,223227,1038071,164759,44094,50550,-92,8725,4462,1468,1113,497,2.442,94.72,2.429,2.434,2.527,2.532,8702
2011-01-14,8916,0.0,0.0,0.0,0.0,722,199,8999,33,227670,1040687,165797,43087,45141,-79,8867,4353,1313,1076,503,2.474,97.09,2.467,2.479,2.58,2.586,8755
2011-01-21,8921,0.0,0.0,0.0,0.0,644,199,9385,33,230074,1045523,165657,42748,41794,373,8815,4271,1356,1053,589,2.464,97.34,2.461,2.478,2.586,2.592,8916
2011-01-28,9247,0.0,0.0,0.0,0.0,1173,199,9014,33,236228,1048117,164078,43769,37929,440,8827,4182,1400,1052,429,2.411,96.62,2.405,2.433,2.56,2.57,8921
2011-02-04,9851,0.0,0.0,0.0,0.0,1037,199,8909,33,240891,1049948,164366,42938,34805,548,9076,4262,1355,1039,543,2.466,100.36,2.489,2.609,2.648,2.654,9247
2011-02-11,10127,0.0,0.0,0.0,0.0,935,223,8266,33,241096,1050807,161270,41435,30973,850,9169,4012,1239,954,536,2.471,99.9,2.481,2.622,2.639,2.646,9851
2011-02-18,10323,0.0,0.0,0.0,0.0,808,223,8106,33,238298,1051629,159937,40475,29481,909,9143,3979,1371,998,560,2.511,102.81,2.526,2.664,2.68,2.687,10127
2011-02-25,10348,0.0,0.0,0.0,0.0,808,223,8010,33,234708,1051265,159186,40820,28469,1099,9226,4106,1344,1012,587,2.731,110.49,2.693,2.849,2.863,2.863,10323
2011-03-04,9706,0.0,0.0,0.0,0.0,761,223,8300,33,229214,1053641,155209,41248,27086,1067,9026,4072,1412,975,529,2.864,114.53,2.963,3.003,3.001,2.992,10348
2011-03-11,10199,0.0,0.0,0.0,0.0,648,282,8681,34,225040,1055386,152608,40539,27362,1048,8744,4115,1379,1025,489,2.832,114.45,2.997,3.003,2.996,2.982,9706
2011-03-18,9681,0.0,0.0,0.0,0.0,695,282,8987,34,219720,1057517,152615,39138,27001,1192,9026,4318,1391,1047,510,2.734,112.67,2.901,2.906,2.899,2.885,10199
2011-03-25,9656,0.0,0.0,0.0,0.0,884,282,9128,34,217036,1060462,153325,40577,26895,966,8696,4233,1484,1013,580,2.846,115.41,3.023,3.03,3.02,3.005,9681
2011-04-01,10577,0.0,0.0,0.0,0.0,1077,282,8950,34,216679,1062078,153520,40935,25763,944,8810,4307,1424,1019,512,2.972,116.49,3.079,3.073,3.058,3.04,9656
2011-04-08,9985,0.0,0.0,0.0,0.0,889,282,8571,34,209679,1063705,150839,41386,26746,1258,8970,4054,1444,1014,492,3.117,123.03,3.202,3.186,3.171,3.151,10577
2011-04-15,9987,0.0,0.0,0.0,0.0,853,262,8053,34,208096,1061383,148335,41203,26386,977,9168,4161,1410,1032,522,3.133,123.57,3.226,3.201,3.179,3.156,9985
2011-04-22,9819,0.0,0.0,0.0,0.0,1050,262,9266,34,205588,1067539,146530,39954,26465,950,8841,4058,1345,1048,474,3.192,122.74,3.268,3.235,3.207,3.181,9987
2011-04-29,9644,0.0,0.0,0.0,0.0,1106,262,8877,34,204542,1070960,145132,39786,27751,955,8826,4196,1472,1049,570,3.29,125.36,3.399,3.342,3.299,3.262,9819
2011-05-06,9776,0.0,0.0,0.0,0.0,1213,262,8964,34,205817,1074592,144289,39942,28761,812,8876,4183,1361,1063,558,3.159,119.56,3.237,3.172,3.121,3.08,9644
2011-05-13,9964,0.0,0.0,0.0,0.0,862,200,8570,34,205936,1074577,143132,39266,30478,862,9131,4014,1383,1022,542,3.152,114.53,3.184,3.094,3.027,2.98,9776
2011-05-20,10107,0.0,0.0,0.0,0.0,1447,200,9232,34,209730,1075193,141092,39064,31605,919,9259,4261,1450,1047,547,2.865,112.02,2.934,2.907,2.885,2.863,9964
2011-05-27,10088,0.0,0.0,0.0,0.0,1239,200,9518,34,212283,1078071,140116,40113,32809,918,9433,4255,1480,1073,545,2.933,113.41,3.017,2.978,2.947,2.918,10107
2011-06-03,10242,0.0,0.0,0.0,0.0,1158,200,8600,34,214492,1073439,140926,40938,34587,814,9446,4434,1511,1147,507,2.924,115.68,3.022,2.979,2.956,2.858,10088
2011-06-10,10214,0.0,0.0,0.0,0.0,1115,260,8638,35,215065,1070033,140821,42625,35699,695,9469,4318,1492,1098,537,2.899,117.73,3.0,2.978,2.964,2.849,10242
2011-06-17,9724,0.0,0.0,0.0,0.0,867,260,9149,35,214601,1068311,141994,42727,37465,845,9541,4319,1539,1065,590,2.868,116.79,2.976,2.934,2.916,2.801,10214
2011-06-24,10059,0.0,0.0,0.0,0.0,683,260,8878,35,213173,1063936,142252,43879,39187,693,9097,4363,1585,1069,596,2.739,110.18,2.876,2.821,2.801,2.688,9724
2011-07-01,9510,0.0,0.0,0.0,0.0,700,260,9854,35,212539,1063063,142061,43333,41508,888,9529,4447,1499,1079,566,2.796,109.03,2.942,2.878,2.826,2.726,10059
2011-07-08,9759,0.0,0.0,0.0,0.0,752,260,9000,35,211699,1059939,145028,44415,44561,673,8898,4493,1551,1138,583,2.973,115.39,3.049,3.006,2.872,2.839,9510
2011-07-15,9451,0.0,0.0,0.0,0.0,881,255,9343,35,212456,1056212,148460,45057,46601,793,9242,4578,1621,1072,506,3.043,117.72,3.115,3.059,2.918,2.881,9759
2011-07-22,9493,0.0,0.0,0.0,0.0,662,255,9840,35,213478,1056240,151845,45028,48247,590,9190,4559,1542,1061,555,3.039,118.2,3.118,3.071,2.936,2.9,9451
2011-07-29,10137,0.0,0.0,0.0,0.0,845,255,9134,35,215179,1052688,152254,44992,49354,419,9146,4629,1486,1024,539,3.048,117.7,3.131,3.077,2.942,2.906,9493
2011-08-05,10107,0.0,0.0,0.0,0.0,633,255,9100,35,213591,1045073,151517,44382,49595,998,9533,4520,1492,1040,610,2.889,112.65,2.913,2.789,2.762,2.75,10137
2011-08-12,9648,0.0,0.0,0.0,0.0,677,395,9285,35,210081,1043392,153966,44269,50382,995,9324,4551,1528,1033,618,2.741,105.3,2.758,2.605,2.575,2.564,10107
2011-08-19,10196,0.0,0.0,0.0,0.0,894,395,8808,35,211436,1036377,155697,43346,52045,571,9343,4681,1530,1059,573,2.807,109.54,2.845,2.708,2.671,2.655,9648
2011-08-26,9334,0.0,0.0,0.0,0.0,608,395,9607,35,208641,1036932,156060,43820,53590,1013,9584,4707,1558,1034,592,2.862,111.06,2.899,2.761,2.713,2.69,10196
2011-09-02,9342,0.0,0.0,0.0,0.0,597,395,8565,35,208840,1028085,156769,43915,53561,474,9161,4547,1568,1055,560,2.911,116.11,2.933,2.822,2.783,2.768,9334
2011-09-09,8963,0.0,0.0,0.0,0.0,659,395,8542,35,210780,1020381,158480,43817,54745,364,9356,4493,1503,1093,449,2.937,115.97,2.847,2.802,2.776,2.77,9342
2011-09-16,9371,0.0,0.0,0.0,0.0,692,336,8351,36,214075,1013045,157606,45063,55359,250,9078,4473,1570,1078,519,2.794,114.98,2.755,2.73,2.713,2.711,8963
2011-09-23,9617,0.0,0.0,0.0,0.0,541,336,9702,36,214866,1014974,157678,45581,56226,205,9279,4559,1518,1100,513,2.678,111.98,2.636,2.617,2.6,2.596,9371
2011-09-30,9586,0.0,0.0,0.0,0.0,505,336,8700,36,213729,1010295,156934,46435,57473,565,9286,4667,1619,1060,598,2.635,107.69,2.632,2.567,2.533,2.517,9617
2011-10-07,9709,0.0,0.0,0.0,0.0,418,336,9086,36,209595,1011531,154005,46829,57893,575,8914,4414,1503,1170,531,2.71,104.03,2.58,2.52,2.486,2.473,9586
2011-10-14,9268,0.0,0.0,0.0,0.0,458,536,7921,36,206271,1006797,149739,46452,58929,758,9313,4379,1378,1111,484,2.882,111.59,2.755,2.692,2.659,2.642,9709
2011-10-21,9133,0.0,0.0,0.0,0.0,675,536,9373,36,204918,1011532,145464,46525,59111,786,8936,4403,1406,1128,532,2.772,111.47,2.704,2.677,2.661,2.654,9268
2011-10-28,9330,0.0,0.0,0.0,0.0,781,536,8954,36,206274,1013358,141889,45759,60263,681,9082,4653,1382,1155,573,2.744,111.33,2.693,2.665,2.651,2.646,9133
2011-11-04,9226,0.0,0.0,0.0,0.0,750,536,8618,36,204167,1011770,135869,44643,60192,719,8815,4312,1329,1179,508,2.703,109.84,2.64,2.619,2.612,2.614,9330
2011-11-11,9257,0.0,0.0,0.0,0.0,762,529,8565,36,205159,1010713,133733,42724,59620,466,9135,4750,1337,1197,480,2.719,114.68,2.664,2.658,2.661,2.672,9226
2011-11-18,9247,0.0,0.0,0.0,0.0,956,529,8319,36,209634,1004495,132963,42394,59385,467,9470,4772,1370,1166,464,2.577,110.69,2.547,2.554,2.565,2.582,9257
2011-11-25,8682,0.0,0.0,0.0,0.0,619,529,9061,36,209847,1008427,138489,42057,59771,444,9188,4827,1363,1193,493,2.548,106.67,2.504,2.51,2.523,2.539,9247
2011-12-02,9250,0.0,0.0,0.0,0.0,820,529,9436,36,214994,1009576,141022,42151,59678,23,9127,5032,1445,1253,533,2.602,110.05,2.56,2.562,2.578,2.647,8682
2011-12-09,9526,0.0,0.0,0.0,0.0,776,523,8322,36,218818,1007644,141502,41950,59183,571,9544,4976,1440,1191,475,2.636,109.31,2.602,2.612,2.631,2.772,9250
2011-12-16,9502,0.0,0.0,0.0,0.0,601,523,7581,36,218406,997074,139149,41457,56887,514,9390,5008,1420,1187,493,2.568,106.26,2.533,2.544,2.559,2.694,9526
2011-12-23,8792,0.0,0.0,0.0,0.0,525,523,8990,36,217714,1000973,140354,41155,56178,624,9402,4882,1417,1184,473,2.639,107.72,2.603,2.604,2.611,2.734,9502
2011-12-30,8144,0.0,0.0,0.0,0.0,734,523,9024,36,220193,1003182,143578,41410,55176,97,8936,4832,1434,1191,469,2.698,107.51,2.673,2.663,2.664,2.779,8792
2012-01-06,8184,0.0,0.0,0.0,0.0,444,523,9907,36,223803,1005007,147563,41520,54285,-131,8739,4757,1489,1226,435,2.778,112.51,2.755,2.765,2.892,2.888,8144
2012-01-13,8690,0.0,0.0,0.0,0.0,553,626,8265,37,227520,1001569,148001,42302,53224,184,8788,4475,1420,1177,482,2.774,111.78,2.752,2.759,2.886,2.881,8184
2012-01-20,8550,0.0,0.0,0.0,0.0,722,626,8853,37,227130,1005127,145545,41384,50752,649,8539,4385,1453,1159,487,2.831,109.6,2.799,2.805,2.934,2.923,8690
2012-01-27,8482,0.0,0.0,0.0,0.0,1045,626,8880,37,230147,1009302,145410,42202,48989,470,8562,4521,1388,1116,458,2.867,109.18,2.838,2.842,2.968,2.954,8550
2012-02-03,8722,0.0,0.0,0.0,0.0,715,626,8413,37,231776,1009593,146584,41925,46677,338,8626,4489,1387,1180,502,2.91,111.2,2.887,2.964,3.003,2.979,8482
2012-02-10,9296,0.0,0.0,0.0,0.0,548,556,8756,37,232176,1009422,143717,42086,46439,475,8788,4393,1379,1173,554,2.988,117.21,2.964,3.104,3.092,3.062,8722
2012-02-17,9061,0.0,0.0,0.0,0.0,845,616,9091,37,231527,1011055,143509,43237,44884,399,8975,4296,1443,1201,562,3.025,119.79,3.013,3.173,3.162,3.131,9296
2012-02-24,8605,0.0,0.0,0.0,0.0,599,616,9187,37,229927,1015215,141440,42528,43900,608,8850,4284,1414,1173,556,3.113,123.34,3.106,3.281,3.271,3.242,9061
2012-03-02,8938,0.0,0.0,0.0,0.0,576,616,8712,37,229531,1016063,139496,40761,43498,434,8589,4220,1346,1209,568,3.174,124.88,3.167,3.279,3.263,3.23,8605
2012-03-09,9187,0.0,0.0,0.0,0.0,532,616,8716,37,228121,1017813,134814,40945,42187,501,8821,4146,1339,1190,528,3.043,126.62,3.284,3.283,3.262,3.23,8938
2012-03-16,9445,0.0,0.0,0.0,0.0,632,380,8224,38,226907,1016651,136577,40845,42730,568,8762,4251,1368,1230,531,3.117,126.22,3.334,3.331,3.304,3.268,9187
2012-03-23,9686,0.0,0.0,0.0,0.0,564,380,9269,38,223370,1023753,135866,41225,43709,702,8756,4285,1407,1252,531,3.219,124.35,3.363,3.351,3.311,3.267,9445
2012-03-30,9848,0.0,0.0,0.0,0.0,885,380,9774,38,221913,1032762,135885,40230,44783,679,8973,4332,1432,1217,627,3.307,124.43,3.402,3.359,3.307,3.255,9686
2012-04-06,9454,0.0,0.0,0.0,0.0,705,380,8522,38,217636,1035328,131885,39282,45442,1010,8912,4253,1376,1190,539,3.361,124.18,3.363,3.292,3.23,3.175,9848
2012-04-13,9316,0.0,0.0,0.0,0.0,427,412,8718,39,213965,1039184,128977,39226,46332,656,8915,4426,1395,1228,550,3.278,120.87,3.309,3.234,3.17,3.118,9454
2012-04-20,9435,0.0,0.0,0.0,0.0,620,412,8766,39,211730,1043162,125925,39551,47440,671,8789,4197,1455,1251,538,3.154,117.18,3.2,3.149,3.1,3.057,9316
2012-04-27,9655,0.0,0.0,0.0,0.0,774,412,8822,39,209721,1046002,124022,39707,48507,514,8786,4131,1432,1202,519,3.09,118.1,3.178,3.134,3.088,3.046,9435
2012-05-04,9761,0.0,0.0,0.0,0.0,607,412,8967,39,207108,1051291,120771,39346,51023,656,9087,4390,1369,1236,532,2.986,116.67,3.077,3.034,2.997,2.962,9655
2012-05-11,9580,0.0,0.0,0.0,0.0,675,411,8881,39,204311,1053419,119802,38390,52725,728,9098,4497,1338,1153,505,2.933,111.78,3.001,2.94,2.893,2.852,9761
2012-05-18,9657,0.0,0.0,0.0,0.0,575,411,8583,39,201012,1054302,119493,38280,53998,920,8945,4508,1451,1201,474,2.875,109.87,2.918,2.859,2.815,2.776,9580
2012-05-25,9003,0.0,0.0,0.0,0.0,796,411,9056,39,200179,1056515,117784,38813,55647,577,9153,4613,1473,1206,513,2.827,108.14,2.904,2.835,2.785,2.742,9657
2012-06-01,10103,0.0,0.0,0.0,0.0,836,411,8957,39,203525,1054752,120037,39837,57915,210,9056,4671,1606,1238,540,2.714,103.47,2.812,2.731,2.677,2.606,9003
2012-06-08,9497,0.0,0.0,0.0,0.0,684,378,9117,39,201801,1054561,119974,39202,58241,708,9551,4718,1577,1257,527,2.683,99.03,2.683,2.619,2.568,2.415,10103
2012-06-15,9378,0.0,0.0,0.0,0.0,988,378,9445,39,202744,1057422,121130,39204,59556,653,9022,4710,1609,1271,568,2.672,97.21,2.668,2.597,2.539,2.377,9497
2012-06-22,9785,0.0,0.0,0.0,0.0,773,378,9118,39,204822,1057289,118851,38628,61376,510,9280,4518,1577,1312,528,2.535,92.46,2.603,2.517,2.454,2.289,9378
2012-06-29,9439,0.0,0.0,0.0,0.0,823,404,8774,39,204973,1053019,117800,37818,62233,566,9388,4725,1557,1269,622,2.515,91.23,2.651,2.526,2.451,2.285,9785
2012-07-06,9384,0.0,0.0,0.0,0.0,919,404,8626,39,207725,1048164,120912,38858,63183,419,9318,4705,1684,1295,514,2.664,98.8,2.707,2.607,2.427,2.39,9439
2012-07-13,9350,0.0,0.0,0.0,0.0,635,404,8937,39,205910,1047355,123531,38176,64745,509,8894,4763,1578,1300,516,2.769,99.88,2.78,2.651,2.456,2.414,9384
2012-07-20,9582,0.0,0.0,0.0,0.0,1020,343,9633,40,210044,1050072,125239,39542,66018,502,9264,4647,1497,1336,475,2.82,105.4,2.893,2.785,2.599,2.549,9350
2012-07-27,9621,0.0,0.0,0.0,0.0,638,343,8406,40,207870,1043549,124265,40612,67463,407,8977,4628,1686,1293,497,2.711,104.18,2.84,2.748,2.57,2.524,9582
2012-08-03,10154,0.0,0.0,0.0,0.0,457,343,8627,40,206069,1039774,123541,40259,68056,533,9250,4699,1692,1281,481,2.837,107.27,2.897,2.715,2.601,2.56,9621
2012-08-10,9906,0.0,0.0,0.0,0.0,788,329,8717,40,203698,1036075,124218,40890,69027,597,9357,4669,1637,1287,486,2.987,112.49,2.98,2.779,2.72,2.684,10154
2012-08-17,9759,0.0,0.0,0.0,0.0,777,329,8207,40,202736,1030663,125210,41840,70942,513,9321,4734,1599,1254,446,3.002,115.04,3.037,2.859,2.798,2.76,9906
2012-08-24,10244,0.0,0.0,0.0,0.0,690,329,9495,40,201227,1034441,126083,43158,71658,516,9183,4667,1551,1292,462,3.041,116.1,3.079,2.915,2.846,2.802,9759
2012-08-31,9589,0.0,0.0,0.0,0.0,964,329,8035,40,198893,1027015,127076,43031,72496,728,9276,4341,1459,1203,459,3.146,113.02,3.114,2.936,2.842,2.785,10244
2012-09-07,9403,0.0,0.0,0.0,0.0,799,329,8565,40,197716,1027424,128552,42052,72695,485,8951,4449,1448,1251,489,3.244,114.11,2.978,2.873,2.807,2.78,9589
2012-09-14,9115,0.0,0.0,0.0,0.0,458,374,9848,41,196309,1035960,128230,43389,74017,358,9118,4564,1491,1266,459,3.335,115.41,3.009,2.911,2.848,2.822,9403
2012-09-21,9289,0.0,0.0,0.0,0.0,491,374,7595,41,195828,1033514,127748,43972,74290,323,8930,4611,1476,1276,481,3.134,111.83,2.903,2.799,2.733,2.704,9115
2012-09-28,8842,0.0,0.0,0.0,0.0,573,374,8106,41,195942,1033032,124059,44380,75584,250,9107,4591,1535,1223,504,3.363,110.35,3.09,2.86,2.752,2.701,9289
2012-10-05,9006,0.0,0.0,0.0,0.0,502,374,8221,41,195408,1034544,120882,44126,75896,185,8638,4338,1454,1316,476,3.234,111.41,2.897,2.765,2.708,2.698,8842
2012-10-12,8985,0.0,0.0,0.0,0.0,530,324,8347,41,197128,1037404,118664,42974,74628,32,9046,4484,1421,1286,394,3.163,114.88,2.932,2.819,2.775,2.765,9006
2012-10-19,9361,0.0,0.0,0.0,0.0,526,324,8823,41,198567,1043300,118018,42851,74475,380,8989,4382,1462,1271,455,2.897,113.59,2.784,2.753,2.741,2.742,8985
2012-10-26,8427,0.0,0.0,0.0,0.0,616,324,7922,41,199502,1041255,117925,44520,73947,293,9203,4505,1484,1267,596,2.717,108.27,2.646,2.618,2.611,2.615,9361
2012-11-02,9425,0.0,0.0,0.0,0.0,270,324,8011,41,202377,1042802,118056,43444,73620,298,8892,4560,1445,1336,507,2.73,108.85,2.691,2.611,2.601,2.61,8427
2012-11-09,9688,0.0,0.0,0.0,0.0,598,338,7870,42,201937,1043891,115517,42398,73183,299,9103,4569,1354,1255,461,2.81,107.78,2.643,2.62,2.626,2.646,9425
2012-11-16,8332,0.0,0.0,0.0,0.0,616,338,7768,42,200390,1042425,112842,42479,72666,382,9189,4669,1372,1274,504,2.921,109.12,2.683,2.652,2.653,2.67,9688
2012-11-23,8249,0.0,0.0,0.0,0.0,494,338,8118,42,204255,1042078,112042,41087,72847,93,8729,4561,1339,1291,444,2.818,110.26,2.74,2.716,2.717,2.733,8332
2012-11-30,8440,0.0,0.0,0.0,0.0,513,338,8230,42,212115,1039721,115069,40144,72510,-382,9197,4847,1446,1400,455,2.789,109.82,2.748,2.71,2.711,2.728,8249
2012-12-07,8631,0.0,0.0,0.0,0.0,585,338,8499,42,217115,1039861,118055,39879,71183,-19,8908,4762,1494,1405,323,2.681,109.08,2.65,2.654,2.671,2.818,8440
2012-12-14,9144,0.0,0.0,0.0,0.0,521,462,8399,43,219322,1038897,116970,39305,69223,122,8888,4880,1488,1261,372,2.645,109.1,2.624,2.63,2.647,2.793,8631
2012-12-21,8575,0.0,0.0,0.0,0.0,602,462,8025,43,223104,1038311,119393,38622,68850,402,9545,4906,1464,1336,350,2.755,109.79,2.716,2.705,2.712,2.85,9144
2012-12-28,7311,0.0,0.0,0.0,0.0,487,462,7094,43,225673,1027191,123967,39187,66670,-102,8917,4864,1533,1289,361,2.827,109.81,2.797,2.766,2.768,2.9,8575
2013-01-04,8230,0.0,0.0,0.0,0.0,447,462,8342,43,233085,1028083,130744,39630,65572,-736,8385,4920,1511,1339,425,2.814,112.35,2.792,2.778,2.88,2.908,7311
2013-01-11,9102,0.0,0.0,0.0,0.0,375,462,8030,43,234995,1027447,132430,40439,63956,-194,8590,4564,1517,1292,415,2.809,112.37,2.777,2.787,2.936,2.927,8230
2013-01-18,9339,0.0,0.0,0.0,0.0,430,484,7730,44,233257,1030260,132938,39802,60883,462,8908,4311,1386,1212,352,2.77,111.35,2.749,2.766,2.936,2.928,9102
2013-01-25,8721,0.0,0.0,0.0,0.0,623,484,8068,44,232301,1036400,130623,39818,57433,500,9064,4263,1394,1238,408,2.88,113.72,2.851,2.864,3.023,3.009,9339
2013-02-01,9137,0.0,0.0,0.0,0.0,693,484,7569,44,234039,1039081,129581,39068,54869,337,8761,4472,1393,1234,372,3.032,115.13,3.005,3.038,3.147,3.111,8721
2013-02-08,9369,0.0,0.0,0.0,0.0,611,484,7513,44,233236,1039803,125904,38786,52411,495,8896,4357,1436,1253,467,3.057,117.15,3.029,3.211,3.179,3.126,9137
2013-02-15,9461,0.0,0.0,0.0,0.0,505,484,7689,44,230352,1043946,123627,39508,51076,571,8936,4272,1443,1316,459,3.088,118.1,3.072,3.278,3.248,3.194,9369
2013-02-22,8709,0.0,0.0,0.0,0.0,575,590,7958,44,228495,1045076,124184,39789,47854,522,9211,4484,1396,1322,525,3.092,115.3,3.074,3.268,3.233,3.177,9461
2013-03-01,9601,0.0,0.0,0.0,0.0,605,590,7308,44,227879,1048812,120354,39747,45672,351,8606,4256,1403,1310,544,2.992,112.42,2.988,3.154,3.114,3.057,8709
2013-03-08,8607,0.0,0.0,0.0,0.0,727,590,7535,44,224308,1051436,120437,38528,43000,596,8954,4164,1370,1256,530,2.913,109.98,3.14,3.117,3.062,3.004,9601
2013-03-15,9046,0.0,0.0,0.0,0.0,387,548,7317,45,222832,1050122,119765,37958,41759,316,8558,4268,1402,1254,615,2.909,108.41,3.15,3.139,3.096,3.049,8607
2013-03-22,9074,0.0,0.0,0.0,0.0,505,548,8158,45,221236,1053378,115252,38634,40847,828,8861,4204,1538,1285,586,2.875,107.33,3.085,3.074,3.036,2.992,9046
2013-03-29,8846,0.0,0.0,0.0,0.0,595,548,7931,45,220664,1056085,112986,39442,39737,213,8946,4324,1566,1311,605,2.911,107.68,3.099,3.095,3.062,3.022,9074
2013-04-05,9050,0.0,0.0,0.0,0.0,876,548,7720,45,222363,1055967,112817,39730,40025,406,8761,4539,1532,1374,575,2.758,107.06,2.964,2.955,2.932,2.9,8846
2013-04-12,9733,0.0,0.0,0.0,0.0,606,548,7431,45,221730,1054734,115181,40975,39026,577,8902,4477,1484,1334,426,2.677,103.25,2.87,2.874,2.86,2.832,9050
2013-04-19,9188,0.0,0.0,0.0,0.0,662,485,7564,47,217802,1055681,115278,39887,38964,808,8995,4280,1506,1268,559,2.691,98.09,2.759,2.753,2.731,2.701,9733
2013-04-26,9098,0.0,0.0,0.0,0.0,628,485,8166,47,215984,1062377,115752,39983,40476,905,8786,4300,1483,1241,466,2.691,100.61,2.777,2.774,2.756,2.73,9188
2013-05-03,8745,0.0,0.0,0.0,0.0,780,485,7606,47,215074,1062748,117564,40310,40997,649,8673,4532,1602,1262,521,2.699,101.53,2.791,2.781,2.759,2.73,9098
2013-05-10,9556,0.0,0.0,0.0,0.0,671,485,7623,47,217662,1062124,119864,39079,41797,488,8929,4640,1516,1325,395,2.767,103.77,2.86,2.845,2.821,2.789,8745
2013-05-17,9629,0.0,0.0,0.0,0.0,1081,308,8130,48,220677,1061786,118812,38584,43974,640,9214,4788,1445,1321,514,2.777,102.91,2.863,2.846,2.819,2.786,9556
2013-05-24,9599,0.0,0.0,0.0,0.0,712,308,7817,48,219163,1064786,120663,38718,45137,662,9009,4763,1460,1288,472,2.747,102.3,2.848,2.838,2.818,2.791,9629
2013-05-31,9194,0.0,0.0,0.0,0.0,514,308,7268,48,218797,1058519,123274,39129,47036,505,9341,4800,1517,1356,540,2.707,102.03,2.812,2.801,2.784,2.762,9599
2013-06-07,9321,0.0,0.0,0.0,0.0,692,308,7850,48,221545,1061148,122111,40804,49659,658,9203,4679,1504,1348,464,2.752,102.92,2.83,2.811,2.785,2.648,9194
2013-06-14,9229,0.0,0.0,0.0,0.0,556,308,8436,48,221728,1061461,121622,39891,53120,445,9100,4677,1529,1326,450,2.786,103.39,2.848,2.836,2.817,2.684,9321
2013-06-21,9773,0.0,0.0,0.0,0.0,937,319,8298,50,225381,1061479,123189,40260,54849,349,9133,4866,1525,1335,476,2.769,103.93,2.835,2.825,2.807,2.677,9229
2013-06-28,10136,0.0,0.0,0.0,0.0,465,319,7407,50,223662,1051132,120771,39830,56353,505,9382,4843,1610,1379,502,2.655,101.43,2.74,2.723,2.706,2.588,9773
2013-07-05,9008,0.0,0.0,0.0,0.0,493,319,7525,50,221028,1041395,123809,39268,57374,702,9586,5036,1613,1357,437,2.747,105.18,2.814,2.792,2.67,2.641,10136
2013-07-12,9475,0.0,0.0,0.0,0.0,717,319,7705,50,224083,1034493,127679,38709,57966,60,9047,5080,1528,1421,466,2.935,108.26,2.993,2.948,2.79,2.744,9008
2013-07-19,9836,0.0,0.0,0.0,0.0,322,258,8032,52,222694,1031668,126452,38126,59418,463,9213,4996,1564,1390,502,3.015,109.41,3.116,3.045,2.871,2.811,9475
2013-07-26,9909,0.0,0.0,0.0,0.0,700,258,8168,52,223464,1032099,125986,37887,61296,452,9504,4825,1601,1388,511,2.935,108.4,3.046,3.012,2.857,2.804,9836
2013-08-02,9494,0.0,0.0,0.0,0.0,635,258,7914,52,223599,1030668,126455,38460,61826,384,9552,4917,1590,1400,473,2.963,108.61,3.02,2.938,2.829,2.785,9909
2013-08-09,10037,0.0,0.0,0.0,0.0,513,258,7917,52,222430,1027856,128482,38033,61851,341,9072,4855,1543,1363,468,2.866,108.56,2.901,2.777,2.74,2.712,9494
2013-08-16,9809,0.0,0.0,0.0,0.0,373,347,7951,55,218401,1026428,129353,37359,61892,574,9436,4891,1583,1398,440,2.927,110.73,2.956,2.831,2.79,2.76,10037
2013-08-23,9409,0.0,0.0,0.0,0.0,670,347,8374,55,217814,1029414,129037,37694,62072,502,9403,4888,1600,1409,387,2.947,111.12,2.954,2.832,2.791,2.762,9809
2013-08-30,8886,0.0,0.0,0.0,0.0,430,347,8255,55,215987,1027578,129586,39577,64614,392,9065,5049,1670,1396,408,2.982,115.32,3.033,2.906,2.865,2.834,9409
2013-09-06,9665,0.0,0.0,0.0,0.0,401,347,8017,55,217645,1026960,132172,39058,64498,68,9069,5049,1628,1430,422,2.933,116.03,2.855,2.836,2.818,2.809,8886
2013-09-13,9086,0.0,0.0,0.0,0.0,492,347,7578,55,216018,1022592,131093,39678,64439,310,9288,5063,1570,1406,446,2.824,113.22,2.757,2.747,2.733,2.726,9665
2013-09-20,8615,0.0,0.0,0.0,0.0,460,373,7925,56,216235,1025227,130859,40505,65455,204,9030,4797,1519,1430,403,2.769,109.98,2.7,2.686,2.667,2.661,9086
2013-09-27,9430,0.0,0.0,0.0,0.0,559,373,8363,56,219730,1030699,129179,39798,67025,52,8929,4892,1497,1437,436,2.712,108.8,2.667,2.654,2.634,2.627,8615
2013-10-04,9913,0.0,0.0,0.0,0.0,576,373,8043,56,219879,1037443,126038,40865,66477,231,9249,4624,1458,1419,338,2.67,108.63,2.624,2.611,2.604,2.609,9430
2013-10-11,9452,0.0,0.0,0.0,0.0,584,373,8004,56,217309,1041442,124237,40559,66503,483,9335,4793,1415,1387,369,2.706,110.3,2.649,2.637,2.633,2.641,9913
2013-10-18,9835,0.0,0.0,0.0,0.0,438,373,7656,56,215504,1046688,125774,40720,65970,386,9130,4819,1459,1375,399,2.722,110.11,2.67,2.654,2.65,2.658,9452
2013-10-25,8980,0.0,0.0,0.0,0.0,537,380,7459,56,213791,1050775,122716,38508,64797,506,9434,4937,1440,1466,395,2.657,107.82,2.6,2.586,2.588,2.597,9835
2013-11-01,9619,0.0,0.0,0.0,0.0,472,380,7224,56,210036,1051964,117817,39479,62068,458,8352,4942,1484,1487,397,2.654,107.61,2.614,2.591,2.597,2.61,8980
2013-11-08,9388,0.0,0.0,0.0,0.0,446,380,7844,56,209198,1054604,117336,38253,60813,676,9434,4947,1496,1444,470,2.588,104.54,2.53,2.525,2.537,2.554,9619
2013-11-15,9516,0.0,0.0,0.0,0.0,451,380,7863,56,208853,1054979,112541,37268,58372,783,9268,4907,1451,1442,469,2.695,107.1,2.63,2.615,2.621,2.634,9388
2013-11-22,9053,0.0,0.0,0.0,0.0,710,363,7718,57,210604,1057932,110875,35982,56940,633,9420,5022,1502,1467,407,2.725,109.32,2.686,2.666,2.668,2.681,9516
2013-11-29,8330,0.0,0.0,0.0,0.0,701,363,7809,57,212432,1052347,113524,36321,54275,579,8977,5111,1564,1457,441,2.707,111.32,2.69,2.682,2.691,2.711,9053
2013-12-06,9356,0.0,0.0,0.0,0.0,671,363,6862,57,219149,1041343,118065,36587,52617,426,8982,5262,1619,1479,442,2.727,112.28,2.712,2.727,2.746,2.923,8330
2013-12-13,9790,0.0,0.0,0.0,0.0,599,363,7732,57,220486,1038402,115955,37026,49958,408,9311,4956,1595,1405,448,2.665,109.1,2.657,2.671,2.689,2.871,9356
2013-12-20,8706,0.0,0.0,0.0,0.0,486,498,7535,58,219872,1033671,114105,36238,47442,771,9715,5071,1620,1440,493,2.714,110.34,2.702,2.711,2.725,2.898,9790
2013-12-27,8109,0.0,0.0,0.0,0.0,247,498,7495,58,220716,1026664,119147,36803,45901,-237,9078,5233,1643,1452,458,2.823,111.72,2.808,2.805,2.811,2.973,8706
2014-01-03,7348,0.0,0.0,0.0,0.0,379,498,7961,58,226959,1022706,124973,37421,42433,-510,9120,5079,1668,1473,467,2.753,108.73,2.729,2.736,2.828,2.911,8109
2014-01-10,8201,0.0,0.0,0.0,0.0,405,498,6889,58,233142,1015048,123950,37123,38654,-135,8325,4709,1530,1420,505,2.685,107.01,2.659,2.67,2.847,2.844,7348
2014-01-17,9184,0.0,0.0,0.0,0.0,528,498,7544,58,235265,1016038,120738,38047,35263,484,8475,4468,1504,1401,590,2.636,107.83,2.62,2.633,2.814,2.813,8201
2014-01-24,8757,0.0,0.0,0.0,0.0,466,586,8048,61,234446,1022459,116154,37531,31674,435,9187,4848,1469,1399,524,2.687,109.14,2.656,2.665,2.844,2.842,9184
2014-01-31,8894,0.0,0.0,0.0,0.0,620,586,6887,61,234951,1022899,113794,36167,30842,497,8796,4586,1424,1406,459,2.675,108.83,2.64,2.649,2.831,2.83,8757
2014-02-07,8555,0.0,0.0,0.0,0.0,350,586,7929,61,233098,1025952,113063,37028,27901,711,8866,4598,1483,1429,404,2.691,107.73,2.657,2.84,2.839,2.818,8894
2014-02-14,8794,0.0,0.0,0.0,0.0,410,586,7421,61,233407,1026925,112724,37645,26715,528,8776,4542,1433,1400,405,2.798,109.12,2.765,2.938,2.93,2.903,8555
2014-02-21,9020,0.0,0.0,0.0,0.0,276,576,7037,64,230600,1026993,113062,38583,26676,605,8693,4613,1474,1378,430,2.879,109.74,2.834,3.005,2.994,2.964,8794
2014-02-28,9923,0.0,0.0,0.0,0.0,330,576,7112,64,228996,1028422,114476,37934,27155,907,9037,4607,1502,1440,425,2.831,109.17,2.797,2.98,2.97,2.94,9020
2014-03-07,9285,0.0,0.0,0.0,0.0,395,576,7311,64,223766,1034302,113943,37025,26059,797,9357,4613,1478,1322,431,2.809,109.14,2.973,2.963,2.934,2.9,9923
2014-03-14,9780,0.0,0.0,0.0,0.0,421,576,7309,64,222299,1040152,110846,36230,26241,890,9231,4715,1407,1361,487,2.791,108.01,2.953,2.943,2.912,2.876,9285
2014-03-21,9271,0.0,0.0,0.0,0.0,628,576,7617,64,217198,1046771,112401,36547,25658,941,9000,4733,1452,1395,439,2.722,106.53,2.891,2.884,2.857,2.826,9780
2014-03-28,10084,0.0,0.0,0.0,0.0,533,529,6831,67,215624,1044392,112955,35620,26568,928,9043,4789,1488,1412,458,2.699,106.54,2.913,2.91,2.889,2.861,9271
2014-04-04,8964,0.0,0.0,0.0,0.0,502,529,7312,67,210436,1048070,113194,36641,27584,1401,9370,4798,1522,1406,510,2.709,105.26,2.898,2.882,2.856,2.825,10084
2014-04-11,8849,0.0,0.0,0.0,0.0,532,529,8271,67,210282,1057460,111916,38198,28357,1037,8939,4879,1479,1378,456,2.886,106.51,2.987,2.957,2.921,2.882,8964
2014-04-18,8651,0.0,0.0,0.0,0.0,448,529,7796,67,210008,1060446,112513,38973,29527,1059,8891,4979,1481,1495,420,2.971,109.07,3.044,3.012,2.974,2.934,8849
2014-04-25,8946,0.0,0.0,0.0,0.0,651,399,7483,71,211572,1061189,114449,37737,31537,1248,8623,4914,1534,1488,430,3.001,109.21,3.088,3.04,2.996,2.95,8651
2014-05-02,10194,0.0,0.0,0.0,0.0,583,399,6885,71,213180,1058868,114002,39064,35249,1256,8992,5039,1521,1470,399,2.883,109.15,2.999,2.957,2.919,2.876,8946
2014-05-09,10051,0.0,0.0,0.0,0.0,877,399,7127,71,212408,1058471,112878,39475,37725,1689,9606,4911,1537,1462,460,2.832,108.48,2.903,2.882,2.851,2.813,10194
2014-05-16,10122,0.0,0.0,0.0,0.0,997,399,6469,71,213378,1050696,116277,38883,39911,1605,9592,5002,1483,1550,466,2.864,109.53,2.95,2.933,2.901,2.859,10051
2014-05-23,9904,0.0,0.0,0.0,0.0,725,386,7809,74,211575,1052353,116081,38731,42089,1683,9526,4990,1504,1588,438,2.896,110.72,2.99,2.975,2.942,2.899,10122
2014-05-30,8786,0.0,0.0,0.0,0.0,844,386,7123,74,211785,1048922,118093,39087,45775,1377,9476,5227,1530,1512,506,2.853,109.62,3.003,2.984,2.95,2.906,9904
2014-06-06,10107,0.0,0.0,0.0,0.0,560,386,7146,74,213482,1046192,118953,39388,49214,1199,8855,4865,1475,1504,402,2.819,108.98,2.946,2.915,2.872,2.707,8786
2014-06-13,9084,0.0,0.0,0.0,0.0,766,386,7234,74,214267,1045614,119389,38728,51241,1412,9840,4732,1576,1456,455,2.882,110.98,3.02,2.986,2.943,2.774,10107
2014-06-20,9749,0.0,0.0,0.0,0.0,507,375,7341,273,214977,1047356,120566,37799,53671,1297,9054,4877,1475,1489,396,2.952,114.29,3.097,3.065,3.022,2.853,9084
2014-06-27,9576,0.0,0.0,0.0,0.0,512,375,7265,273,213742,1044201,121541,37050,56240,1326,9436,4984,1514,1527,465,2.932,113.09,3.102,3.076,3.036,2.868,9749
2014-07-04,9354,0.0,0.0,0.0,0.0,609,375,7285,273,214321,1041794,121768,35559,60073,1280,9425,5056,1595,1498,421,2.887,110.26,3.039,3.004,2.869,2.793,9576
2014-07-11,9124,0.0,0.0,0.0,0.0,615,375,7427,273,214492,1034269,124296,36153,63288,1029,9139,5172,1638,1535,418,2.829,107.03,2.953,2.924,2.762,2.721,9354
2014-07-18,9399,0.0,0.0,0.0,0.0,625,375,7407,273,217871,1030300,125932,37303,65451,799,9357,5206,1668,1592,406,2.786,105.39,2.89,2.862,2.707,2.673,9124
2014-07-25,10333,0.0,0.0,0.0,0.0,602,487,7744,295,218236,1026603,126721,35271,67201,928,9337,5012,1686,1576,366,2.782,106.34,2.867,2.842,2.693,2.663,9399
2014-08-01,9666,0.0,0.0,0.0,0.0,435,487,7563,295,213849,1025139,124923,34205,68480,1262,9759,4830,1677,1581,348,2.735,105.71,2.828,2.779,2.66,2.634,10333
2014-08-08,9322,0.0,0.0,0.0,0.0,470,487,7846,295,212689,1026540,122502,34670,70300,1337,9518,4723,1656,1499,372,2.688,103.6,2.741,2.614,2.59,2.577,9666
2014-08-15,9737,0.0,0.0,0.0,0.0,741,487,7459,295,213274,1022066,121542,35561,72830,982,9152,4913,1671,1526,418,2.685,101.94,2.721,2.594,2.569,2.554,9322
2014-08-22,10342,0.0,0.0,0.0,0.0,448,362,7633,385,212314,1019996,122794,34719,74709,1091,9514,4947,1674,1562,412,2.704,99.88,2.71,2.573,2.54,2.522,9737
2014-08-29,8586,0.0,0.0,0.0,0.0,801,362,7675,385,209992,1019091,123399,34636,76124,661,9572,5080,1687,1540,416,2.75,100.64,2.759,2.6,2.565,2.545,10342
2014-09-05,9372,0.0,0.0,0.0,0.0,324,362,7621,385,212373,1018400,127493,36605,76046,479,8965,5101,1728,1600,471,2.748,100.45,2.587,2.546,2.52,2.515,8586
2014-09-12,9342,0.0,0.0,0.0,0.0,327,362,8114,385,210738,1022073,127772,38596,77438,650,9174,4910,1709,1620,434,2.691,97.32,2.536,2.495,2.468,2.464,9372
2014-09-19,9364,0.0,0.0,0.0,0.0,510,362,6870,385,210324,1017800,128595,40332,79117,1121,9135,4875,1680,1638,399,2.677,97.02,2.566,2.504,2.468,2.458,9342
2014-09-26,8675,0.0,0.0,0.0,0.0,504,447,7284,420,208488,1016435,125701,40525,79560,828,9045,4907,1554,1585,411,2.762,95.01,2.651,2.507,2.45,2.438,9364
2014-10-03,9805,0.0,0.0,0.0,0.0,417,447,7712,420,209668,1021349,126140,40693,80645,442,8874,4748,1573,1587,392,2.667,93.41,2.504,2.406,2.379,2.379,8675
2014-10-10,9489,0.0,0.0,0.0,0.0,428,447,7740,420,205673,1030271,124622,40499,81376,1008,9254,4582,1528,1537,395,2.483,90.19,2.326,2.285,2.281,2.293,9805
2014-10-17,9325,0.0,0.0,0.0,0.0,438,447,7477,420,204374,1037382,125671,39934,81612,914,9313,4604,1421,1567,426,2.331,85.5,2.206,2.155,2.153,2.164,9489
2014-10-24,10000,0.0,0.0,0.0,0.0,493,422,7101,411,203138,1039442,120377,37651,80271,1016,9078,4471,1511,1592,400,2.347,85.58,2.192,2.143,2.139,2.152,9325
2014-10-31,9166,0.0,0.0,0.0,0.0,531,422,6675,411,201760,1039902,119653,37059,80127,630,9695,4609,1502,1551,441,2.302,85.56,2.19,2.156,2.154,2.168,10000
2014-11-07,9486,0.0,0.0,0.0,0.0,501,422,6877,411,203565,1037116,116850,36153,81053,234,9345,4822,1566,1625,459,2.213,83.04,2.11,2.102,2.113,2.134,9166
2014-11-14,9475,0.0,0.0,0.0,0.0,426,422,7638,411,204599,1039724,114794,35941,81152,363,9630,4793,1511,1672,410,2.183,79.9,2.071,2.052,2.059,2.078,9486
2014-11-21,9665,0.0,0.0,0.0,0.0,440,345,7473,374,206424,1041670,113146,35615,79201,235,9641,4900,1608,1635,438,2.151,77.62,2.039,2.023,2.029,2.046,9475
2014-11-28,8214,0.0,0.0,0.0,0.0,724,345,7303,374,208567,1037980,116174,35692,79416,179,9593,5028,1628,1620,416,2.102,76.63,2.001,1.968,1.973,1.99,9665
2014-12-05,9330,0.0,0.0,0.0,0.0,561,345,7668,374,216764,1039276,121751,36240,79159,8,9169,5231,1637,1611,405,1.902,69.72,1.814,1.822,1.842,2.04,8214
2014-12-12,9851,0.0,0.0,0.0,0.0,773,345,7104,374,222014,1038429,121544,36336,78388,234,9652,5214,1631,1652,413,1.712,64.08,1.659,1.672,1.694,1.898,9330
2014-12-19,10253,0.0,0.0,0.0,0.0,878,363,8292,388,226097,1045696,123847,35873,77840,445,9920,5236,1687,1620,368,1.607,59.77,1.554,1.568,1.588,1.791,9851
2014-12-26,7938,0.0,0.0,0.0,0.0,843,363,7061,388,229048,1043942,125721,36990,77244,192,10195,5307,1661,1619,387,1.59,58.69,1.532,1.547,1.574,1.784,10253
2015-01-02,8821,0.0,0.0,0.0,0.0,760,363,6856,388,237163,1039767,136926,37779,72005,-558,8701,5180,1640,1619,359,1.514,56.03,1.444,1.47,1.55,1.72,7938
2015-01-09,9451,0.0,0.0,0.0,0.0,512,363,7492,388,240334,1045154,139851,37886,70976,-219,9125,5108,1600,1522,375,1.376,49.47,1.347,1.384,1.609,1.628,8821
2015-01-16,9646,0.0,0.0,0.0,0.0,683,363,7218,388,240922,1055224,136579,36773,67075,878,9215,4768,1511,1533,322,1.325,46.58,1.31,1.343,1.572,1.592,9451
2015-01-23,8928,0.0,0.0,0.0,0.0,597,497,7422,502,238335,1064097,132687,36596,65085,684,9177,4712,1538,1583,320,1.35,46.44,1.329,1.357,1.569,1.584,9646
2015-01-30,8390,0.0,0.0,0.0,0.0,672,497,7387,502,240670,1070430,134475,37940,63126,699,9087,4666,1523,1549,413,1.377,46.76,1.356,1.396,1.612,1.63,8928
2015-02-06,9248,0.0,0.0,0.0,0.0,462,497,7286,502,242647,1074756,131223,38773,60869,643,8708,4706,1613,1506,427,1.531,54.62,1.542,1.773,1.788,1.791,8390
2015-02-13,9994,0.0,0.0,0.0,0.0,635,497,7105,502,243132,1082471,127409,39434,57295,484,9180,4629,1605,1487,379,1.575,56.57,1.579,1.817,1.834,1.837,9248
2015-02-20,9476,0.0,0.0,0.0,0.0,569,679,7279,478,240014,1090898,124698,39749,54808,887,9659,4747,1529,1477,412,1.604,60.57,1.605,1.834,1.845,1.846,9994
2015-02-27,9048,0.0,0.0,0.0,0.0,640,679,7368,478,240060,1101201,122976,39130,50611,763,9522,4645,1453,1494,471,1.718,60.63,1.692,1.891,1.89,1.881,9476
2015-03-06,10378,0.0,0.0,0.0,0.0,536,679,6793,478,239873,1106378,125503,37534,49229,793,9165,4800,1440,1511,452,1.726,60.12,1.908,1.905,1.889,1.872,9048
2015-03-13,9208,0.0,0.0,0.0,0.0,664,679,7496,478,235400,1116000,125883,38240,49687,858,9754,4807,1504,1539,431,1.628,56.51,1.818,1.814,1.798,1.783,10378
2015-03-20,10500,0.0,0.0,0.0,0.0,443,546,7392,503,233386,1124169,125849,37936,50325,992,9024,4732,1516,1524,498,1.575,52.72,1.766,1.763,1.747,1.732,9208
2015-03-27,9006,0.0,0.0,0.0,0.0,709,546,7348,503,229128,1128935,127174,36706,52639,1045,9729,4858,1517,1576,498,1.654,55.01,1.824,1.823,1.807,1.791,10500
2015-04-03,9544,0.0,0.0,0.0,0.0,526,546,8217,503,229945,1140614,126924,36893,53406,724,9143,4998,1540,1608,481,1.633,54.79,1.793,1.784,1.772,1.757,9006
2015-04-10,10259,0.0,0.0,0.0,0.0,545,546,7148,503,227873,1141906,128941,37250,55461,1117,9249,4995,1620,1551,454,1.716,56.51,1.802,1.799,1.791,1.777,9544
2015-04-17,9345,0.0,0.0,0.0,0.0,737,546,7765,503,225738,1147221,129336,36326,57451,954,9763,4775,1592,1588,481,1.777,59.12,1.888,1.891,1.885,1.869,10259
2015-04-24,9173,0.0,0.0,0.0,0.0,763,547,7446,467,227451,1149129,129270,36833,59905,839,9374,4837,1660,1595,569,1.847,61.41,1.95,1.951,1.941,1.923,9345
2015-05-01,10082,0.0,0.0,0.0,0.0,626,547,6541,467,227852,1145027,130773,36520,61562,767,9152,4970,1568,1666,490,1.924,63.49,2.025,2.018,2.001,1.979,9173
2015-05-08,10042,0.0,0.0,0.0,0.0,776,547,6881,467,226710,1142835,128270,37120,63484,995,9690,4860,1615,1667,425,1.922,65.01,2.023,2.015,1.997,1.973,10082
2015-05-15,10985,0.0,0.0,0.0,0.0,542,547,7199,467,223936,1140474,127724,37110,65665,921,9651,4844,1620,1627,448,1.937,64.9,2.036,2.027,2.008,1.982,10042
2015-05-22,9721,0.0,0.0,0.0,0.0,775,426,6696,441,220627,1138259,128839,38453,67902,1054,10164,4891,1636,1652,398,1.96,64.31,2.043,2.03,2.005,1.974,10985
2015-05-29,10666,0.0,0.0,0.0,0.0,692,426,7373,441,220293,1136810,132612,38444,71804,1029,9408,5023,1710,1635,425,1.93,61.57,2.003,1.987,1.96,1.928,9721
2015-06-05,9841,0.0,0.0,0.0,0.0,666,426,6623,441,217354,1130792,133477,39388,73425,794,10007,5083,1658,1622,418,1.975,61.9,2.033,1.999,1.96,1.799,10666
2015-06-12,10366,0.0,0.0,0.0,0.0,682,426,7067,441,217814,1128715,133591,40505,75293,844,9651,5011,1672,1652,369,2.041,63.24,2.098,2.057,2.01,1.844,9841
2015-06-19,10691,0.0,0.0,0.0,0.0,896,366,6765,571,218494,1124131,135428,39731,76701,622,9934,4970,1672,1632,380,2.049,60.65,2.099,2.058,2.01,1.838,10366
2015-06-26,10180,0.0,0.0,0.0,0.0,760,366,7513,571,216737,1126915,135820,41383,78326,819,10046,5015,1639,1641,385,1.976,60.84,2.049,2.019,1.976,1.811,10691
2015-07-03,9965,0.0,0.0,0.0,0.0,852,366,7316,571,217952,1127937,137461,42621,80415,686,9868,5092,1693,1618,426,1.958,60.36,2.04,1.999,1.881,1.766,10180
2015-07-10,10804,0.0,0.0,0.0,0.0,682,366,7354,571,218010,1123990,141280,43509,82238,700,9658,5093,1657,1652,372,1.952,56.63,1.987,1.908,1.696,1.629,9965
2015-07-17,9979,0.0,0.0,0.0,0.0,815,366,7941,571,216285,1126971,141515,44108,82641,743,10109,5073,1722,1657,471,1.856,57.17,1.911,1.855,1.655,1.598,10804
2015-07-24,10246,0.0,0.0,0.0,0.0,613,366,7545,571,215922,1122767,144103,44017,84393,861,9681,5096,1704,1646,389,1.823,55.75,1.88,1.833,1.634,1.572,9979
2015-07-31,10410,0.0,0.0,0.0,0.0,822,444,7180,576,216733,1118360,144812,43389,85579,523,9984,5025,1634,1661,430,1.747,54.14,1.823,1.762,1.569,1.509,10246
2015-08-07,11059,0.0,0.0,0.0,0.0,683,444,7573,576,215482,1116956,147806,43288,88111,862,9993,5148,1593,1651,427,1.695,48.59,1.66,1.484,1.428,1.397,10410
2015-08-14,9755,0.0,0.0,0.0,0.0,869,444,8038,576,212774,1119575,148400,42321,89339,1077,10248,5072,1639,1620,409,1.724,47.94,1.71,1.52,1.455,1.415,11059
2015-08-21,10253,0.0,0.0,0.0,0.0,630,419,7199,477,214434,1114123,149836,41694,91200,710,9782,4906,1588,1630,378,1.593,46.0,1.588,1.434,1.382,1.347,9755
2015-08-28,9702,0.0,0.0,0.0,0.0,835,419,7855,477,214163,1118790,149951,42546,91732,1036,9799,4923,1564,1635,430,1.463,43.53,1.449,1.312,1.277,1.252,10253
2015-09-04,9144,0.0,0.0,0.0,0.0,589,419,7459,477,214547,1121192,150903,42715,92203,953,9587,4794,1661,1572,402,1.538,48.87,1.463,1.414,1.393,1.391,9702
2015-09-11,9434,0.0,0.0,0.0,0.0,722,419,7189,477,217387,1119088,153963,41077,93264,664,9247,5076,1656,1560,431,1.49,47.6,1.381,1.364,1.345,1.349,9144
2015-09-18,9686,0.0,0.0,0.0,0.0,504,419,7176,477,218756,1117163,151875,41411,92552,549,9545,5083,1505,1584,379,1.431,47.34,1.35,1.338,1.319,1.321,9434
2015-09-25,9063,0.0,0.0,0.0,0.0,990,513,7554,526,222010,1121116,151608,40096,94054,552,9674,5010,1533,1564,423,1.446,47.33,1.392,1.375,1.35,1.35,9686
2015-10-02,10199,0.0,0.0,0.0,0.0,543,513,7068,526,223920,1124156,149150,40258,95885,563,9306,5071,1541,1577,381,1.418,46.99,1.362,1.341,1.327,1.336,9063
2015-10-09,9991,0.0,0.0,0.0,0.0,719,513,7315,526,221302,1131718,147630,39718,97778,1118,9619,4613,1563,1575,456,1.477,51.33,1.407,1.394,1.4,1.419,10199
2015-10-16,10148,0.0,0.0,0.0,0.0,709,513,7471,526,219784,1139745,145008,39249,97146,1058,9579,4728,1540,1548,433,1.382,48.99,1.314,1.321,1.339,1.359,9991
2015-10-23,9876,0.0,0.0,0.0,0.0,722,439,7032,504,218647,1143121,142057,38763,97398,1201,9703,4877,1556,1585,376,1.337,46.81,1.331,1.288,1.302,1.321,10148
2015-10-30,9907,0.0,0.0,0.0,0.0,307,439,6943,504,215347,1145968,140757,37999,98680,821,9537,4882,1580,1560,355,1.381,47.15,1.336,1.322,1.328,1.345,9876
2015-11-06,9363,0.0,0.0,0.0,0.0,353,439,7377,504,213245,1149948,141109,36805,100286,589,9693,4873,1658,1659,431,1.449,47.23,1.389,1.376,1.387,1.416,9907
2015-11-13,9033,0.0,0.0,0.0,0.0,389,439,6968,504,214254,1150200,140318,36561,100779,648,9558,5032,1590,1628,369,1.372,44.75,1.311,1.298,1.312,1.342,9363
2015-11-20,9549,0.0,0.0,0.0,0.0,459,616,7333,445,216732,1151160,141364,37216,102804,321,9544,5023,1648,1668,342,1.316,41.54,1.264,1.249,1.26,1.29,9033
2015-11-27,9788,0.0,0.0,0.0,0.0,433,616,7747,445,216867,1152337,144415,38052,101012,153,9752,5168,1761,1641,399,1.371,43.65,1.373,1.333,1.337,1.362,9549
2015-12-04,9759,0.0,0.0,0.0,0.0,648,616,8021,445,217653,1148676,149413,37261,97696,-60,9869,5228,1711,1674,347,1.365,42.41,1.316,1.313,1.335,1.515,9788
2015-12-11,9049,0.0,0.0,0.0,0.0,660,616,8312,445,219384,1153477,151976,38274,95785,450,9963,5107,1705,1701,347,1.249,38.76,1.241,1.255,1.284,1.504,9759
2015-12-18,9803,0.0,0.0,0.0,0.0,334,472,7326,500,220495,1147600,151315,39451,94574,62,9346,4938,1751,1697,386,1.265,36.84,1.254,1.26,1.284,1.496,9049
2015-12-25,7385,0.0,0.0,0.0,0.0,487,472,7892,500,221420,1150226,153110,40802,94505,496,9921,4927,1697,1641,358,1.245,35.9,1.223,1.233,1.259,1.469,9803
2016-01-01,7588,0.0,0.0,0.0,0.0,602,472,7510,500,231996,1146076,159418,40191,93189,-702,8766,4976,1679,1680,371,1.277,36.55,1.251,1.261,1.288,1.5,7385
2016-01-08,8841,0.0,0.0,0.0,0.0,446,472,8188,500,240434,1146309,165554,40724,88698,-691,8820,4760,1643,1698,350,1.203,34.19,1.197,1.226,1.444,1.458,7588
2016-01-15,8998,0.0,0.0,0.0,0.0,512,472,7779,500,244997,1150287,164529,42241,86725,-54,9453,4552,1547,1684,391,1.083,29.1,1.068,1.094,1.312,1.326,8841
2016-01-22,7957,0.0,0.0,0.0,0.0,576,460,7609,399,248461,1158670,160472,41828,80426,331,9377,4452,1585,1621,372,1.065,27.76,1.04,1.065,1.273,1.287,8998
2016-01-29,9596,0.0,0.0,0.0,0.0,624,460,8256,399,254399,1166461,159695,42241,74888,-268,8642,4435,1510,1639,403,1.098,31.75,1.061,1.084,1.296,1.314,7957
2016-02-05,9346,0.0,0.0,0.0,0.0,683,460,7124,399,255657,1165792,160976,41697,71659,408,9553,4357,1570,1610,424,1.058,32.18,1.024,1.25,1.271,1.273,9596
2016-02-12,10434,0.0,0.0,0.0,0.0,565,460,7919,399,258693,1167939,162375,41456,67431,328,9675,4663,1547,1610,459,0.994,30.41,0.956,1.182,1.205,1.208,9346
2016-02-19,9600,0.0,0.0,0.0,0.0,566,460,7802,399,256457,1171440,160715,41966,63613,561,10009,4438,1590,1575,381,1.109,32.29,0.977,1.221,1.247,1.253,10434
2016-02-26,10393,0.0,0.0,0.0,0.0,454,398,8292,387,254989,1181814,163597,42430,60174,710,9335,4801,1621,1590,419,1.073,33.12,1.01,1.271,1.297,1.304,9600
2016-03-04,10439,0.0,0.0,0.0,0.0,565,398,8048,387,250463,1185955,162478,42546,59495,848,9580,4744,1577,1654,420,1.047,36.28,1.259,1.341,1.358,1.359,10393
2016-03-11,10363,0.0,0.0,0.0,0.0,716,398,7693,387,249716,1187274,161343,44390,59487,663,10015,4781,1598,1682,415,1.147,39.3,1.427,1.459,1.471,1.469,10439
2016-03-18,9907,0.0,0.0,0.0,0.0,415,398,8384,387,245074,1196631,162260,43926,59118,804,9683,4742,1510,1692,396,1.181,38.5,1.423,1.456,1.467,1.463,10363
2016-03-25,9693,0.0,0.0,0.0,0.0,516,398,7748,387,242560,1198928,161185,44011,59542,731,9430,4927,1587,1688,387,1.286,39.41,1.469,1.499,1.508,1.502,9907
2016-04-01,10354,0.0,0.0,0.0,0.0,671,389,7254,339,243998,1193710,162984,44609,61170,607,9617,4838,1636,1691,422,1.338,37.0,1.437,1.461,1.469,1.462,9693
2016-04-08,10155,0.0,0.0,0.0,0.0,570,389,7940,339,239761,1200344,163489,44676,63785,819,9568,4784,1596,1673,372,1.346,37.51,1.399,1.412,1.408,1.391,10354
2016-04-15,9762,0.0,0.0,0.0,0.0,791,389,8187,339,239651,1202424,159935,44024,65038,536,9738,4712,1621,1686,422,1.466,42.35,1.508,1.522,1.521,1.507,10155
2016-04-22,10267,0.0,0.0,0.0,0.0,898,413,7550,390,241259,1204422,158240,44203,67441,662,9507,4622,1683,1783,419,1.462,43.04,1.494,1.512,1.516,1.505,9762
2016-04-29,10592,0.0,0.0,0.0,0.0,946,413,7660,390,241795,1207203,156979,42156,68188,684,9811,4589,1572,1775,462,1.545,44.46,1.569,1.584,1.587,1.575,10267
2016-05-06,10631,0.0,0.0,0.0,0.0,779,413,7655,390,240564,1203594,155332,42924,69303,720,10051,4610,1561,1729,455,1.492,44.2,1.509,1.518,1.512,1.491,10592
2016-05-13,10094,0.0,0.0,0.0,0.0,691,413,7677,390,238068,1204904,152162,43151,70224,827,9997,4770,1633,1777,437,1.505,45.2,1.536,1.545,1.541,1.522,10631
2016-05-20,10676,0.0,0.0,0.0,0.0,933,413,7315,390,240111,1200677,150878,43138,70163,559,9866,4661,1572,1759,460,1.622,48.34,1.632,1.637,1.629,1.605,10094
2016-05-27,10418,0.0,0.0,0.0,0.0,921,374,7839,489,238619,1199311,149623,42336,71522,942,9916,4757,1609,1708,471,1.626,48.73,1.639,1.644,1.637,1.615,10676
2016-06-03,10455,0.0,0.0,0.0,0.0,815,374,7705,489,239629,1196948,151377,44163,73707,586,10122,4838,1645,1718,428,1.606,48.91,1.613,1.612,1.602,1.507,10418
2016-06-10,10701,0.0,0.0,0.0,0.0,747,374,7622,489,237004,1196015,152163,42198,75002,806,9707,4984,1562,1739,389,1.573,49.94,1.595,1.604,1.6,1.48,10455
2016-06-17,10272,0.0,0.0,0.0,0.0,876,374,8439,489,237631,1195098,152314,41388,76487,537,10289,4956,1633,1700,371,1.45,47.39,1.506,1.519,1.521,1.414,10701
2016-06-24,10405,0.0,0.0,0.0,0.0,904,395,7555,598,238998,1191045,150513,40247,78806,847,9959,5021,1656,1673,427,1.491,48.12,1.578,1.588,1.583,1.467,10272
2016-07-01,10469,0.0,0.0,0.0,0.0,765,395,8363,598,238876,1188820,148939,40241,81444,961,10018,4952,1736,1708,399,1.442,47.09,1.505,1.513,1.497,1.412,10405
2016-07-08,10421,0.0,0.0,0.0,0.0,820,395,7841,598,240089,1186272,152997,40638,84114,806,10218,5034,1727,1679,389,1.373,45.96,1.399,1.413,1.336,1.329,10469
2016-07-15,10418,0.0,0.0,0.0,0.0,897,395,8134,598,241000,1183929,152783,41902,84274,701,10050,5004,1722,1734,413,1.368,45.54,1.406,1.414,1.338,1.333,10421
2016-07-22,10641,0.0,0.0,0.0,0.0,869,454,8437,677,241452,1185600,152003,41530,86701,692,10068,4918,1688,1732,360,1.334,45.22,1.369,1.375,1.303,1.3,10418
2016-07-29,10975,0.0,0.0,0.0,0.0,637,454,8738,677,238190,1187013,153155,41078,87051,1086,9992,4940,1759,1697,355,1.32,42.55,1.325,1.323,1.24,1.233,10641
2016-08-05,10825,0.0,0.0,0.0,0.0,930,454,8404,677,235383,1188065,151196,41611,89298,1313,10098,4739,1842,1730,454,1.331,40.88,1.342,1.248,1.233,1.224,10975
2016-08-12,10376,0.0,0.0,0.0,0.0,610,454,8193,677,232659,1185557,153135,41649,91461,1122,10280,4939,1849,1722,404,1.325,43.63,1.348,1.274,1.267,1.262,10825
2016-08-19,10402,0.0,0.0,0.0,0.0,801,454,8642,677,232695,1188057,153257,41751,93937,642,10035,4849,1786,1715,436,1.441,48.6,1.455,1.389,1.382,1.376,10376
2016-08-26,10726,0.0,0.0,0.0,0.0,832,549,8917,698,232004,1190332,154753,41034,96308,877,10021,4973,1751,1686,369,1.424,48.65,1.503,1.418,1.401,1.388,10402
2016-09-02,9916,0.0,0.0,0.0,0.0,607,655,7069,501,227793,1175818,158135,41841,96803,1039,10173,5031,1799,1730,389,1.371,47.31,1.38,1.333,1.324,1.321,10726
2016-09-09,10503,0.0,0.0,0.0,0.0,650,553,8062,418,228360,1175259,162754,42749,98718,686,9900,4933,1760,1760,501,1.413,47.51,1.36,1.35,1.34,1.345,9916
2016-09-16,9496,0.0,0.0,0.0,0.0,569,606,8309,588,225156,1169058,164992,42648,99343,581,10083,4978,1715,1761,463,1.439,46.21,1.404,1.363,1.335,1.333,10503
2016-09-23,10232,0.0,0.0,0.0,0.0,778,547,7835,507,227183,1167176,163077,43051,100494,802,9555,4709,1706,1682,388,1.44,46.24,1.393,1.356,1.33,1.326,9496
2016-09-30,10164,0.0,0.0,0.0,0.0,1003,727,7710,440,227405,1164199,160718,43998,101260,924,9988,4713,1714,1685,451,1.486,46.74,1.446,1.418,1.389,1.384,10232
2016-10-07,9372,0.0,0.0,0.0,0.0,762,805,7861,481,225498,1169048,156972,43301,101153,1058,9935,4496,1600,1636,457,1.506,49.52,1.489,1.467,1.467,1.481,10164
2016-10-14,10139,0.0,0.0,0.0,0.0,871,644,6907,439,227967,1163800,155732,43699,99668,1009,9498,4599,1580,1668,444,1.503,49.94,1.48,1.475,1.479,1.494,9372
2016-10-21,9803,0.0,0.0,0.0,0.0,834,811,7016,415,226011,1163247,152378,43898,97139,989,9837,4536,1578,1688,458,1.549,50.33,1.507,1.494,1.495,1.51,10139
2016-10-28,10292,0.0,0.0,0.0,0.0,458,794,8995,404,223804,1177666,150550,42422,97203,929,9824,4662,1562,1766,441,1.534,48.95,1.489,1.476,1.477,1.492,9803
2016-11-04,9906,0.0,0.0,0.0,0.0,500,1069,7442,410,220963,1180097,148602,41924,95940,920,10456,4784,1585,1737,429,1.529,44.63,1.437,1.409,1.413,1.432,10292
2016-11-11,9350,0.0,0.0,0.0,0.0,821,960,8423,481,221709,1185371,148912,42848,96969,233,10152,4984,1665,1727,468,1.459,43.09,1.359,1.354,1.365,1.388,9906
2016-11-18,9658,0.0,0.0,0.0,0.0,855,874,7578,469,224026,1184115,149239,41693,98608,400,9700,5080,1715,1744,471,1.388,44.01,1.323,1.326,1.338,1.36,9350
2016-11-25,9083,0.0,0.0,0.0,0.0,851,879,7548,474,226123,1183230,154196,42273,96332,531,9986,5216,1720,1731,487,1.47,46.49,1.409,1.413,1.422,1.444,9658
2016-12-02,9250,0.0,0.0,0.0,0.0,652,992,8303,499,229548,1180840,156697,43818,94736,196,9913,5083,1762,1795,423,1.529,48.78,1.477,1.48,1.493,1.584,9083
2016-12-09,9989,0.0,0.0,0.0,0.0,624,1131,7360,485,230045,1178277,155935,44276,90970,274,9828,5009,1703,1729,427,1.575,52.26,1.523,1.537,1.56,1.758,9250
2016-12-16,10049,0.0,0.0,0.0,0.0,447,795,8471,557,228736,1180532,153515,43368,87938,607,10150,5122,1632,1698,391,1.603,53.26,1.546,1.564,1.588,1.785,9989
2016-12-23,8006,0.0,0.0,0.0,0.0,434,1149,8167,627,227143,1181145,151634,42017,82082,505,10537,4957,1668,1683,444,1.655,53.81,1.599,1.615,1.634,1.82,10049
2016-12-30,8650,0.0,0.0,0.0,0.0,722,996,7183,686,235450,1174094,161685,42993,79481,-680,9467,5329,1626,1746,414,1.715,54.96,1.669,1.672,1.687,1.86,8006
2017-01-06,7767,0.0,0.0,0.0,0.0,683,981,9052,727,240473,1178191,170041,42922,75212,-514,9666,5324,1707,1768,403,1.695,55.13,1.635,1.655,1.835,1.846,8650
2017-01-13,7573,0.0,0.0,0.0,0.0,588,923,8378,704,246424,1180537,169073,43275,68024,-219,8953,4713,1621,1629,447,1.628,54.02,1.587,1.613,1.798,1.809,7767
2017-01-20,8134,0.0,0.0,0.0,0.0,593,874,7810,599,253220,1183377,169149,44127,64087,-241,8825,4575,1650,1630,445,1.615,54.19,1.562,1.591,1.788,1.799,7573
2017-01-27,9837,0.0,0.0,0.0,0.0,488,902,8290,549,257086,1189841,170717,42502,58824,-333,9101,4677,1637,1702,501,1.574,54.91,1.547,1.574,1.789,1.802,8134
2017-02-03,8592,0.0,0.0,0.0,0.0,811,902,9372,567,256217,1203670,170746,40585,52226,432,9804,4802,1663,1661,479,1.563,55.53,1.539,1.685,1.785,1.791,9837
2017-02-10,9323,0.0,0.0,0.0,0.0,604,555,8491,1026,259063,1213197,170057,43150,50006,295,8950,4531,1645,1663,517,1.536,54.48,1.542,1.76,1.78,1.781,8592
2017-02-17,9100,0.0,0.0,0.0,0.0,367,848,7286,1211,256435,1213761,165133,44282,46975,283,9429,4467,1586,1637,453,1.547,54.46,1.536,1.756,1.776,1.78,9323
2017-02-24,10281,0.0,0.0,0.0,0.0,457,891,7589,721,255889,1215260,164208,44561,46794,322,9456,4755,1562,1711,477,1.533,55.4,1.513,1.736,1.759,1.767,9100
2017-03-03,10013,0.0,0.0,0.0,0.0,242,741,8150,897,249334,1223218,161532,44179,42855,667,9844,4773,1571,1732,455,1.492,54.4,1.604,1.707,1.725,1.729,10281
2017-03-10,9905,0.0,0.0,0.0,0.0,572,535,7405,717,246279,1222165,157303,42059,42021,910,9540,4690,1580,1732,501,1.484,52.78,1.646,1.668,1.677,1.673,10013
2017-03-17,10476,0.0,0.0,0.0,0.0,325,592,8307,550,243468,1226493,155393,41829,41884,657,9771,4829,1634,1763,406,1.454,50.29,1.588,1.607,1.615,1.611,9905
2017-03-24,9621,0.0,0.0,0.0,0.0,521,608,8224,1010,239721,1226636,152910,41949,40281,579,10028,4872,1731,1735,380,1.491,50.1,1.603,1.614,1.619,1.613,10476
2017-03-31,10129,0.0,0.0,0.0,0.0,607,589,7850,575,239103,1227678,152374,42059,39117,442,9515,4967,1722,1756,382,1.565,51.33,1.661,1.665,1.662,1.652,9621
2017-04-07,9768,0.0,0.0,0.0,0.0,488,710,7878,689,236130,1224887,150221,42524,37985,698,9927,5060,1692,1787,403,1.636,53.28,1.721,1.718,1.711,1.695,10129
2017-04-14,9519,0.0,0.0,0.0,0.0,843,648,7810,565,237672,1223654,148266,42592,37120,379,9794,5150,1751,1783,375,1.656,54.83,1.748,1.75,1.747,1.735,9768
2017-04-21,9716,0.0,0.0,0.0,0.0,916,625,8912,1152,241041,1219512,150917,44179,36968,345,9710,5063,1809,1799,399,1.621,52.08,1.681,1.685,1.683,1.673,9519
2017-04-28,10309,0.0,0.0,0.0,0.0,693,732,8264,538,241232,1217110,150355,43362,36702,667,9783,5101,1738,1770,417,1.533,49.55,1.587,1.59,1.592,1.586,9716
2017-05-05,10267,0.0,0.0,0.0,0.0,953,717,7620,693,241082,1211312,148768,44144,38486,856,10052,4956,1717,1729,392,1.46,48.7,1.512,1.516,1.513,1.501,10309
2017-05-12,10491,0.0,0.0,0.0,0.0,696,508,8590,1086,240669,1208831,146824,42888,39051,810,10020,5042,1712,1803,360,1.486,48.0,1.537,1.539,1.534,1.521,10267
2017-05-19,10900,0.0,0.0,0.0,0.0,725,589,8294,625,239882,1204001,146339,43384,40589,706,10243,5197,1639,1869,386,1.569,51.75,1.612,1.61,1.603,1.589,10491
2017-05-26,9691,0.0,0.0,0.0,0.0,703,641,7985,1303,237024,1196594,146733,44230,44099,762,10430,5226,1701,1797,438,1.61,52.58,1.646,1.638,1.63,1.619,10900
2017-06-02,9592,0.0,0.0,0.0,0.0,787,555,8341,557,240348,1198233,151088,44596,47631,251,9934,5267,1762,1853,480,1.585,50.23,1.607,1.593,1.579,1.515,9691
2017-06-09,10497,0.0,0.0,0.0,0.0,574,525,8025,722,242444,1196171,151416,43605,49984,424,9843,5154,1774,1858,450,1.481,47.28,1.516,1.508,1.496,1.392,9592
2017-06-16,10370,0.0,0.0,0.0,0.0,909,657,7876,517,241866,1192937,152495,41684,51726,572,10163,5251,1721,1850,431,1.415,46.18,1.462,1.458,1.45,1.358,10497
2017-06-23,10915,0.0,0.0,0.0,0.0,571,662,8016,528,240972,1191649,152272,42399,55653,824,10334,5244,1775,1846,424,1.388,44.63,1.431,1.423,1.413,1.32,10370
2017-06-30,10685,0.0,0.0,0.0,0.0,739,713,7742,768,237303,1184951,150422,40959,57663,816,10365,5100,1760,1828,344,1.447,46.16,1.477,1.469,1.458,1.364,10915
2017-07-07,10749,0.0,0.0,0.0,0.0,528,547,7610,918,235656,1174237,153553,40347,59409,764,10469,5349,1834,1815,361,1.494,48.17,1.516,1.503,1.408,1.388,10685
2017-07-14,10666,0.0,0.0,0.0,0.0,591,573,7996,728,231211,1169508,151416,39150,62820,687,10096,4945,1783,1842,435,1.529,47.1,1.525,1.504,1.405,1.383,10749
2017-07-21,10691,0.0,0.0,0.0,0.0,723,595,8044,1030,230196,1162300,149564,40151,63324,761,10393,5131,1826,1880,413,1.591,47.99,1.584,1.55,1.442,1.417,10666
2017-07-28,10465,0.0,0.0,0.0,0.0,549,512,8253,702,227679,1160772,149414,40361,64788,831,10295,5232,1781,1852,389,1.61,49.95,1.618,1.593,1.485,1.459,10691
2017-08-04,10041,0.0,0.0,0.0,0.0,1108,454,7762,707,231103,1154320,147685,40349,64693,318,10301,5305,1804,1838,401,1.664,52.04,1.658,1.571,1.523,1.498,10465
2017-08-11,10602,0.0,0.0,0.0,0.0,667,670,8126,877,231125,1145375,148387,39383,66452,593,10048,5287,1772,1862,464,1.635,51.96,1.617,1.525,1.496,1.476,10041
2017-08-18,10699,0.0,0.0,0.0,0.0,555,693,8790,936,229902,1142048,148415,40190,69349,761,10566,5091,1822,1885,451,1.609,50.58,1.586,1.495,1.464,1.443,10602
2017-08-25,10130,0.0,0.0,0.0,0.0,839,737,7905,902,229937,1136653,149163,39348,70697,538,10602,5055,1794,1879,441,1.657,52.03,1.625,1.523,1.486,1.461,10699
2017-09-01,11120,0.0,0.0,0.0,0.0,475,319,7083,153,226738,1140953,147767,39134,76470,980,9517,4492,1589,1497,348,1.95,52.25,1.854,1.638,1.536,1.493,10130
2017-09-08,10239,0.0,0.0,0.0,0.0,556,528,6480,774,218310,1145248,144552,40368,78805,1208,9888,3973,1607,1594,398,2.048,53.88,1.67,1.586,1.54,1.527,11120
2017-09-15,10187,0.0,0.0,0.0,0.0,687,544,7368,928,216185,1148229,138859,40374,77624,699,9793,4543,1672,1716,489,1.889,55.54,1.646,1.6,1.565,1.552,10239
2017-09-22,9840,0.0,0.0,0.0,0.0,1041,550,7427,1491,217292,1145587,138045,41303,75268,514,9855,4639,1711,1719,430,1.766,57.03,1.658,1.614,1.585,1.574,10187
2017-09-29,9836,0.0,0.0,0.0,0.0,862,640,7214,1984,218936,1138612,135439,43397,74695,703,9853,4929,1618,1795,491,1.726,58.75,1.663,1.629,1.609,1.604,9840
2017-10-06,9955,0.0,0.0,0.0,0.0,860,409,7617,1270,221426,1134665,133959,43089,75892,550,9741,4964,1697,1820,434,1.645,56.08,1.574,1.564,1.561,1.569,9836
2017-10-13,10043,0.0,0.0,0.0,0.0,690,636,7483,1798,222334,1128176,134487,41602,75930,658,10031,4784,1523,1758,431,1.665,56.21,1.602,1.582,1.573,1.581,9955
2017-10-20,10534,0.0,0.0,0.0,0.0,233,906,8123,1924,216869,1128718,129241,40770,74942,824,9936,4795,1520,1793,417,1.711,57.78,1.643,1.618,1.606,1.612,10043
2017-10-27,10413,0.0,0.0,0.0,0.0,540,767,7571,2133,212849,1125493,128921,41167,75824,947,10187,5036,1558,1782,432,1.794,58.58,1.73,1.684,1.659,1.661,10534
2017-11-03,9229,0.0,0.0,0.0,0.0,405,632,7377,869,209537,1127049,125562,40063,74628,968,10167,5199,1627,1854,461,1.836,61.04,1.77,1.73,1.717,1.724,10413
2017-11-10,10157,0.0,0.0,0.0,0.0,349,844,7898,1129,210431,1128197,124763,40388,72058,302,9852,5231,1610,1890,383,1.912,64.29,1.822,1.798,1.794,1.805,9229
2017-11-17,9016,0.0,0.0,0.0,0.0,514,782,7873,1591,210475,1124617,125032,41240,71113,475,10432,5335,1694,1873,382,1.802,61.52,1.75,1.745,1.749,1.763,10157
2017-11-24,8383,0.0,0.0,0.0,0.0,526,1213,7329,1412,214102,1118824,127779,41281,70602,357,10222,5284,1633,1923,396,1.802,62.68,1.762,1.755,1.759,1.77,9016
2017-12-01,9071,0.0,0.0,0.0,0.0,488,894,7202,1358,220882,1110766,129446,40267,71898,-288,9758,5402,1766,1973,421,1.785,63.73,1.752,1.755,1.765,1.811,8383
2017-12-08,9571,0.0,0.0,0.0,0.0,483,731,7363,1086,226546,1105897,128076,40855,72186,89,10129,5247,1729,1909,324,1.736,63.08,1.698,1.714,1.733,1.908,9071
2017-12-15,9687,0.0,0.0,0.0,0.0,487,804,7834,1858,227783,1099785,128845,39834,68760,290,10065,5206,1707,1911,458,1.717,64.35,1.679,1.696,1.717,1.897,9571
2017-12-22,8390,0.0,0.0,0.0,0.0,388,862,7993,1210,228374,1095274,129935,39875,65931,295,10246,5476,1850,1892,425,1.753,64.36,1.723,1.733,1.75,1.925,9687
2017-12-29,8394,0.0,0.0,0.0,0.0,349,953,7966,1475,233187,1088211,138834,40649,65441,-455,9682,5592,1774,1939,396,1.819,66.52,1.793,1.795,1.811,1.987,8390
2018-01-05,8640,0.0,0.0,0.0,0.0,264,804,7658,1015,237322,1083262,143088,41353,59224,-757,9525,5291,1740,1837,451,1.818,67.81,1.788,1.81,1.996,2.003,8394
2018-01-12,8663,0.0,0.0,0.0,0.0,396,948,7950,1249,240942,1076872,139201,41138,55546,-137,9710,5076,1781,1793,429,1.86,69.47,1.829,1.848,2.031,2.037,8640
2018-01-19,9743,0.0,0.0,0.0,0.0,575,827,8041,1411,244040,1076037,139840,40851,51355,-218,9358,4827,1700,1732,439,1.901,69.39,1.859,1.868,2.042,2.047,8663
2018-01-26,9514,0.0,0.0,0.0,0.0,509,615,8430,1765,242060,1083045,137900,41614,50126,414,9567,4613,1621,1790,448,1.973,70.04,1.912,1.907,2.071,2.075,9743
2018-02-02,9076,0.0,0.0,0.0,0.0,746,829,7892,1287,245474,1085402,141826,42617,45962,104,10085,5129,1697,1905,480,1.958,68.0,1.901,1.961,2.062,2.061,9514
2018-02-09,9501,0.0,0.0,0.0,0.0,638,639,7888,1322,249073,1087663,141367,43415,42438,321,9592,4811,1673,1891,176,1.826,65.5,1.777,1.956,1.962,1.952,9076
2018-02-16,8946,0.0,0.0,0.0,0.0,350,918,7021,2044,249334,1085351,138945,43029,39840,422,10107,4489,1703,1876,443,1.759,62.72,1.713,1.894,1.904,1.897,9501
2018-02-23,9883,0.0,0.0,0.0,0.0,446,536,7282,1445,251817,1088779,137985,43068,39370,223,9391,4469,1663,1824,434,1.805,65.52,1.767,1.952,1.965,1.96,8946
2018-03-02,10994,0.0,0.0,0.0,0.0,608,760,8003,1498,251029,1091364,137426,42690,37844,595,9923,4596,1724,1857,436,1.84,66.02,1.837,1.947,1.955,1.947,9883
2018-03-09,10051,0.0,0.0,0.0,0.0,604,785,7585,1487,244758,1096386,133066,41582,35470,934,10280,4478,1767,1890,462,1.777,65.12,1.91,1.924,1.923,1.913,10994
2018-03-16,10387,0.0,0.0,0.0,0.0,564,686,7077,1573,243065,1093764,131044,40976,33731,677,9932,4503,1745,1840,406,1.779,64.14,1.915,1.927,1.928,1.92,10051
2018-03-23,10069,0.0,0.0,0.0,0.0,685,1099,8148,1578,239593,1095407,128954,41131,32671,925,10305,4844,1881,1875,333,1.865,67.4,1.989,1.999,2.001,1.993,10387
2018-03-30,9950,0.0,0.0,0.0,0.0,761,966,7898,2175,238477,1090788,129491,40108,33416,748,10115,5016,1787,1855,395,1.912,68.65,2.013,2.02,2.024,2.019,10069
2018-04-06,10686,0.0,0.0,0.0,0.0,655,789,8650,1205,238935,1094094,128447,40002,33039,551,10150,5256,1765,1867,343,1.883,67.03,1.971,1.975,1.97,1.956,9950
2018-04-13,9871,0.0,0.0,0.0,0.0,705,647,7930,1749,235967,1093023,125340,39110,33260,727,10204,5094,1754,1822,408,1.967,71.24,2.043,2.045,2.038,2.026,10686
2018-04-20,9899,0.0,0.0,0.0,0.0,896,791,8469,2331,236807,1094455,122729,39282,32937,657,9886,4977,1771,1806,484,2.039,73.39,2.065,2.07,2.066,2.055,9871
2018-04-27,10506,0.0,0.0,0.0,0.0,923,901,8549,2148,237978,1100221,118829,39753,33599,747,10045,4995,1812,1843,460,2.073,74.98,2.11,2.113,2.108,2.095,9899
2018-05-04,10799,0.0,0.0,0.0,0.0,803,581,7323,1877,235804,1097315,115038,40750,35737,648,9974,4993,1800,1875,427,2.057,74.42,2.1,2.1,2.091,2.073,10506
2018-05-11,10490,0.0,0.0,0.0,0.0,721,925,7601,2566,232014,1094391,114946,41267,37453,1024,10462,5031,1803,1880,346,2.114,76.68,2.158,2.158,2.15,2.132,10799
2018-05-18,10659,0.0,0.0,0.0,0.0,1063,356,8159,1748,233897,1099468,113995,40556,38314,692,10052,4938,1769,1942,249,2.181,78.75,2.226,2.224,2.214,2.195,10490
2018-05-25,9239,0.0,0.0,0.0,0.0,959,656,7631,2179,234431,1095289,114629,40201,40159,654,10433,5296,1785,1949,387,2.179,78.59,2.24,2.235,2.224,2.205,10659
2018-06-01,10992,0.0,0.0,0.0,0.0,777,538,8346,1714,239034,1096752,116794,40930,44152,161,9658,5324,1887,1965,408,2.097,75.35,2.163,2.156,2.146,2.109,9239
2018-06-08,9877,0.0,0.0,0.0,0.0,824,607,8099,2030,236763,1092609,114693,42747,47971,682,10451,5111,1774,1948,398,2.048,73.98,2.106,2.096,2.08,1.964,10992
2018-06-15,10351,0.0,0.0,0.0,0.0,850,603,8242,2374,240040,1086543,117408,41761,51381,449,10099,5468,1872,1927,343,2.024,74.26,2.087,2.075,2.058,1.946,9877
2018-06-22,10687,0.0,0.0,0.0,0.0,988,613,8356,3000,241196,1076652,117423,41944,55825,627,10142,5396,1897,1917,334,1.984,74.12,2.04,2.026,2.009,1.899,10351
2018-06-29,10465,0.0,0.0,0.0,0.0,648,487,9055,2336,239691,1077897,117557,40965,58905,755,10311,5463,1944,1898,275,2.053,75.24,2.114,2.092,2.073,1.962,10687
2018-07-06,10667,0.0,0.0,0.0,0.0,853,1186,7431,2027,238997,1065263,121682,40269,61242,529,10699,5442,1906,1940,328,2.088,76.33,2.116,2.096,1.983,1.956,10465
2018-07-13,10762,0.0,0.0,0.0,0.0,657,734,9066,1461,235832,1071098,121311,40768,62724,782,10292,5174,1844,1944,386,2.075,75.29,2.11,2.085,1.972,1.945,10667
2018-07-20,11084,0.0,0.0,0.0,0.0,844,669,7770,2683,233504,1064951,121210,39785,61766,900,10255,5157,1841,1944,412,2.007,71.27,2.037,2.007,1.893,1.868,10762
2018-07-27,9845,0.0,0.0,0.0,0.0,752,513,7749,1310,230968,1068754,124193,41117,63514,978,10483,5159,1969,1937,495,2.106,74.0,2.127,2.085,1.968,1.94,11084
2018-08-03,10067,0.0,0.0,0.0,0.0,935,588,7931,1850,233868,1067402,125423,39735,63533,646,9913,5237,1949,1938,442,2.095,73.37,2.094,2.003,1.94,1.917,9845
2018-08-10,10152,0.0,0.0,0.0,0.0,663,935,9014,1592,233128,1074207,128989,40478,66825,577,10234,5337,1985,1946,469,2.068,71.42,2.046,1.932,1.905,1.887,10067
2018-08-17,10742,0.0,0.0,0.0,0.0,817,644,7518,1155,234328,1068370,130838,41595,65732,538,10151,5426,1980,1959,313,2.03,69.82,2.003,1.898,1.871,1.853,10152
2018-08-24,10462,0.0,0.0,0.0,0.0,868,585,7485,1779,232774,1065804,130001,41287,68240,639,10237,5179,1991,1982,387,2.077,72.77,2.048,1.943,1.917,1.9,10742
2018-08-31,10578,0.0,0.0,0.0,0.0,988,477,7714,1508,234619,1061502,133120,41990,70572,616,10215,5439,1891,1973,351,2.13,76.08,2.112,1.994,1.974,1.958,10462
2018-09-07,10380,0.0,0.0,0.0,0.0,1053,680,7591,1828,235869,1056205,139283,44343,71835,520,10384,5536,1934,1997,369,2.098,76.64,1.975,1.959,1.946,1.943,10578
2018-09-14,9515,0.0,0.0,0.0,0.0,561,696,8024,2367,234150,1054147,140122,45207,72966,549,10270,5457,1871,2016,413,2.061,78.11,1.994,1.978,1.964,1.961,10380
2018-09-21,9912,0.0,0.0,0.0,0.0,863,961,7802,2640,235680,1055999,137881,46641,74556,535,9832,4995,1861,1976,419,2.075,78.97,2.007,1.994,1.979,1.977,9515
2018-09-28,9239,0.0,0.0,0.0,0.0,713,816,7965,1723,235221,1063974,136131,46223,76592,649,9950,5029,1744,2023,342,2.138,81.85,2.073,2.06,2.047,2.045,9912
2018-10-05,9948,0.0,0.0,0.0,0.0,693,1029,7397,2576,236172,1068655,133465,47367,78223,301,9711,5028,1784,2025,410,2.195,85.44,2.116,2.111,2.111,2.12,9239
2018-10-12,10079,0.0,0.0,0.0,0.0,394,1164,7615,1782,234156,1074075,132638,45500,79895,560,10430,4815,1666,2018,407,2.094,83.05,2.013,2.01,2.012,2.024,9948
2018-10-19,10166,0.0,0.0,0.0,0.0,331,969,7678,2180,229330,1079263,130376,43896,79209,992,10028,4960,1642,2015,360,2.008,80.41,1.929,1.926,1.93,1.942,10079
2018-10-26,9346,0.0,0.0,0.0,0.0,363,1012,7344,2485,226169,1080939,126322,42846,79793,962,10364,4983,1670,2005,378,1.911,78.23,1.839,1.836,1.839,1.851,10166
2018-11-02,9770,0.0,0.0,0.0,0.0,591,694,7539,2405,228021,1086487,122857,42309,80800,602,9714,4963,1748,1958,379,1.83,74.09,1.765,1.759,1.763,1.777,9346
2018-11-09,9583,0.0,0.0,0.0,0.0,253,740,7452,2050,226610,1095386,119268,39958,79795,810,10056,4993,1655,1940,378,1.72,70.34,1.66,1.653,1.662,1.683,9770
2018-11-16,9600,0.0,0.0,0.0,0.0,247,885,7554,1969,225315,1099477,119191,39432,78203,505,10036,5201,1755,1978,454,1.634,66.21,1.575,1.564,1.568,1.587,9583
2018-11-23,8611,0.0,0.0,0.0,0.0,384,1061,8162,2442,224551,1101049,121801,39710,77027,488,10168,5471,1763,2033,402,1.587,61.22,1.498,1.483,1.487,1.508,9600
2018-11-30,9372,0.0,0.0,0.0,0.0,189,1001,7219,3203,226250,1092723,125612,38116,75356,-46,9666,5571,1725,2012,425,1.503,58.65,1.431,1.407,1.411,1.433,8611
2018-12-07,9728,0.0,0.0,0.0,0.0,525,1311,7393,2274,228337,1091517,124137,39002,72124,25,10457,5545,1843,1951,427,1.53,60.47,1.448,1.451,1.47,1.666,9372
2018-12-14,9373,0.0,0.0,0.0,0.0,595,948,7423,2325,230103,1090594,119900,39823,68584,245,10334,5393,1849,2077,487,1.506,59.51,1.438,1.44,1.457,1.651,9728
2018-12-21,7990,0.0,0.0,0.0,0.0,509,851,7656,2969,233106,1090550,119902,40450,67402,201,10144,5444,1861,2057,485,1.405,54.64,1.358,1.349,1.365,1.552,9373
2018-12-28,8062,0.0,0.0,0.0,0.0,314,872,7392,2237,239996,1090557,129431,40712,65576,-576,9533,5591,1897,2145,416,1.372,51.03,1.302,1.286,1.296,1.476,7990
2019-01-04,8059,0.0,0.0,0.0,0.0,550,727,7846,2065,248062,1088877,140042,40510,63624,-923,9392,5563,1850,2090,441,1.389,54.31,1.33,1.334,1.483,1.529,8062
2019-01-11,9039,0.0,0.0,0.0,0.0,377,830,7527,2966,255565,1086194,143009,40552,62046,-351,9584,5412,1813,2072,435,1.442,58.64,1.392,1.406,1.601,1.618,8059
2019-01-18,10139,0.0,0.0,0.0,0.0,561,547,8191,2035,259615,1094164,142392,41174,58091,191,9604,5204,1747,2025,373,1.448,59.83,1.415,1.43,1.624,1.64,9039
2019-01-25,9512,0.0,0.0,0.0,0.0,523,607,7083,1944,257380,1095083,141270,41842,54316,196,9904,5019,1752,2000,355,1.429,61.34,1.391,1.406,1.609,1.627,10139
2019-02-01,9058,0.0,0.0,0.0,0.0,625,895,7146,2870,257893,1096346,139013,41549,51765,500,9856,5121,1772,2015,359,1.413,61.38,1.373,1.428,1.598,1.614,9512
2019-02-08,9304,0.0,0.0,0.0,0.0,457,959,6210,2364,258301,1099979,140200,42113,52033,435,9619,4764,1685,2134,310,1.474,61.71,1.438,1.62,1.636,1.643,9058
2019-02-15,9483,0.0,0.0,0.0,0.0,420,812,7522,3607,256847,1103651,138683,43365,48140,830,9489,4759,1690,2041,279,1.53,63.36,1.479,1.659,1.675,1.681,9304
2019-02-22,10099,0.0,0.0,0.0,0.0,473,815,5917,3359,254941,1095004,138379,42878,46787,746,9553,4816,1775,1973,289,1.648,66.58,1.592,1.755,1.769,1.773,9483
2019-03-01,10037,0.0,0.0,0.0,0.0,555,911,7001,2803,250714,1102060,135986,42024,44772,585,9852,4919,1628,2023,306,1.683,64.56,1.625,1.737,1.749,1.752,10099
2019-03-08,10714,0.0,0.0,0.0,0.0,573,931,6746,2546,246090,1098198,136369,41088,43806,1108,9735,4856,1718,1976,355,1.707,64.73,1.783,1.789,1.79,1.784,10037
2019-03-15,10063,0.0,0.0,0.0,0.0,793,659,6932,3392,241503,1088609,132242,41402,44905,1049,9925,4923,1765,1981,355,1.797,65.71,1.841,1.833,1.827,1.818,10714
2019-03-22,10198,0.0,0.0,0.0,0.0,688,693,6540,2886,238620,1091409,130167,42023,45564,1105,9657,4925,1741,2006,289,1.89,67.34,1.908,1.884,1.869,1.855,10063
2019-03-29,11328,0.0,0.0,0.0,0.0,746,615,6763,2723,236839,1098647,128169,40315,46906,1133,9813,4870,1705,2037,335,1.862,67.25,1.913,1.883,1.866,1.849,10198
2019-04-05,10475,0.0,0.0,0.0,0.0,714,656,6599,2349,229129,1105676,128053,41915,48134,1499,10169,5038,1722,2003,299,1.924,69.54,1.937,1.92,1.903,1.882,11328
2019-04-12,10444,0.0,0.0,0.0,0.0,990,599,5992,2401,227955,1104280,127691,42366,50554,1198,9917,4823,1714,1956,448,2.04,71.33,2.025,1.996,1.972,1.948,10475
2019-04-19,9878,0.0,0.0,0.0,0.0,905,546,7149,2681,225826,1109759,127029,42215,51797,1027,9781,5064,1702,1998,309,2.069,70.87,2.046,2.015,1.99,1.965,10444
2019-04-26,10837,0.0,0.0,0.0,0.0,770,688,7414,2611,226743,1119154,125722,40919,53271,642,9927,5128,1719,2066,469,2.125,72.93,2.125,2.072,2.04,2.008,9878
2019-05-03,10039,0.0,0.0,0.0,0.0,1114,491,6693,2322,226147,1114321,125563,39720,54197,819,10129,5089,1733,2063,411,2.02,71.59,2.063,2.021,1.988,1.954,10837
2019-05-10,10286,0.0,0.0,0.0,0.0,752,785,7612,3347,225024,1117988,125647,40220,57114,1232,9912,5264,1671,2115,332,1.921,71.25,1.977,1.946,1.917,1.887,10039
2019-05-17,9918,0.0,0.0,0.0,0.0,1350,416,6943,2922,228740,1121593,126415,40823,60312,1052,9883,5206,1726,2079,298,1.956,73.32,2.012,1.982,1.95,1.917,10286
2019-05-24,10008,0.0,0.0,0.0,0.0,1087,717,6862,3317,230944,1121311,124800,38376,60509,758,9863,5182,1782,2055,411,1.911,70.89,1.974,1.951,1.918,1.884,9918
2019-05-31,10335,0.0,0.0,0.0,0.0,1095,679,7927,3298,234149,1128082,129372,38742,63388,611,10050,5404,1794,2146,391,1.83,69.29,1.896,1.87,1.837,1.804,10008
2019-06-07,10871,0.0,0.0,0.0,0.0,700,531,7611,3122,234913,1130288,128372,39163,66265,580,10276,5239,1911,2177,388,1.646,63.15,1.721,1.692,1.663,1.523,10335
2019-06-14,10531,0.0,0.0,0.0,0.0,837,630,7467,3422,233221,1127182,127821,40473,69530,757,10423,5371,1830,2175,465,1.683,63.19,1.725,1.698,1.667,1.53,10871
2019-06-21,10147,0.0,0.0,0.0,0.0,816,939,6656,3770,232225,1114394,125380,39837,70905,858,10512,5305,1905,2131,400,1.742,64.04,1.758,1.732,1.701,1.564,10531
2019-06-28,10796,0.0,0.0,0.0,0.0,536,563,7585,2990,230642,1113309,126788,39382,72313,589,9948,5336,1860,2069,401,1.89,66.51,1.918,1.881,1.838,1.684,10147
2019-07-05,9580,0.0,0.0,0.0,0.0,871,700,7302,3048,229187,1103810,130517,41036,72288,755,10418,5358,2005,2150,393,1.908,63.84,1.912,1.86,1.697,1.655,10796
2019-07-12,10548,0.0,0.0,0.0,0.0,852,617,6832,2534,232752,1100694,136203,41414,73153,335,9855,5361,1948,2247,413,1.951,65.98,1.96,1.907,1.743,1.699,9580
2019-07-19,10979,0.0,0.0,0.0,0.0,985,558,7028,3292,232526,1089859,136816,42429,74967,874,10089,5219,1934,2218,449,1.862,63.63,1.875,1.829,1.671,1.631,10548
2019-07-26,10227,0.0,0.0,0.0,0.0,1117,809,6663,2574,230735,1081363,135922,42016,76430,870,10416,5164,1891,2201,347,1.848,62.8,1.86,1.811,1.652,1.615,10979
2019-08-02,10756,0.0,0.0,0.0,0.0,1217,777,7148,1865,235172,1083748,137451,42744,79261,589,10421,5286,1928,2361,381,1.836,62.59,1.839,1.748,1.639,1.606,10227
2019-08-09,10068,0.0,0.0,0.0,0.0,805,453,7714,2683,233760,1085328,135513,42028,82623,813,10203,5077,1938,2259,328,1.688,57.33,1.669,1.516,1.481,1.457,10756
2019-08-16,11224,0.0,0.0,0.0,0.0,892,676,7218,2803,234072,1082596,138123,41348,86492,737,9897,5340,1956,2191,393,1.682,58.25,1.674,1.535,1.5,1.476,10068
2019-08-23,10512,0.0,0.0,0.0,0.0,965,700,5928,3019,231982,1072569,136060,41697,90041,1019,10661,5193,1914,2201,429,1.695,59.57,1.67,1.543,1.511,1.487,11224
2019-08-30,10616,0.0,0.0,0.0,0.0,717,819,6904,3061,229586,1067798,133522,42636,92856,866,10272,5154,1952,2188,368,1.679,59.83,1.649,1.543,1.512,1.488,10512
2019-09-06,9148,0.0,0.0,0.0,0.0,797,637,6725,3295,228904,1060886,136226,44485,93701,658,10359,5341,1982,2163,301,1.641,60.23,1.531,1.513,1.495,1.488,10616
2019-09-13,10160,0.0,0.0,0.0,0.0,501,692,7050,3175,229685,1061944,136663,43592,96520,439,9451,5109,1844,2195,351,1.704,62.74,1.57,1.553,1.534,1.524,9148
2019-09-20,10036,0.0,0.0,0.0,0.0,800,805,6378,2983,230204,1064356,133685,45453,95368,720,10240,5000,1773,2247,392,1.808,65.56,1.693,1.664,1.631,1.613,10160
2019-09-27,10085,0.0,0.0,0.0,0.0,843,920,6291,2867,229976,1067460,131267,44417,96264,634,10081,4813,1721,2149,330,1.754,63.15,1.655,1.623,1.587,1.57,10036
2019-10-04,10233,0.0,0.0,0.0,0.0,642,796,6224,3401,228763,1070187,127324,44159,96355,643,10066,4835,1690,2127,425,1.68,59.22,1.571,1.525,1.5,1.495,10085
2019-10-11,10614,0.0,0.0,0.0,0.0,651,781,6295,3248,226201,1078199,123501,42806,95794,832,9997,4688,1629,2166,280,1.709,59.39,1.6,1.55,1.525,1.524,10233
2019-10-18,10638,0.0,0.0,0.0,0.0,697,625,5857,3683,223094,1075501,120786,40467,95282,977,10099,4765,1647,2059,368,1.74,59.32,1.62,1.577,1.556,1.554,10614
2019-10-25,9924,0.0,0.0,0.0,0.0,673,652,6697,3327,220057,1080505,119754,39662,94817,885,10184,4970,1684,2084,302,1.752,60.75,1.641,1.602,1.582,1.58,10638
2019-11-01,9772,0.0,0.0,0.0,0.0,493,1009,6077,2371,217229,1087734,119132,39393,95536,791,10036,4875,1740,2052,398,1.76,60.23,1.662,1.624,1.605,1.603,9924
2019-11-08,9428,0.0,0.0,0.0,0.0,679,814,5750,2633,219090,1088510,116655,39014,92914,681,10173,5039,1780,2114,257,1.755,62.39,1.647,1.631,1.628,1.636,9772
2019-11-15,9169,0.0,0.0,0.0,0.0,515,889,5972,3027,220846,1087917,115681,39592,89160,328,10053,5124,1812,2127,252,1.708,62.56,1.622,1.617,1.619,1.631,9428
2019-11-22,8983,0.0,0.0,0.0,0.0,773,935,6190,3480,225978,1088122,116406,38487,88321,294,10065,5075,1796,2259,270,1.707,63.76,1.652,1.647,1.645,1.654,9169
2019-11-29,8643,0.0,0.0,0.0,0.0,399,873,5989,3135,229363,1082262,119469,38325,86443,-98,9941,5263,1933,2258,297,1.722,64.74,1.667,1.663,1.664,1.672,8983
2019-12-06,9407,0.0,0.0,0.0,0.0,579,916,6887,3400,234768,1082886,123587,39337,88099,-374,9753,5228,1799,2423,333,1.641,64.71,1.602,1.608,1.62,1.794,8643
2019-12-13,9712,0.0,0.0,0.0,0.0,519,590,6579,3633,237297,1081800,125096,38315,85469,172,9840,5072,1870,2405,294,1.69,66.5,1.645,1.649,1.661,1.834,9407
2019-12-20,9161,0.0,0.0,0.0,0.0,594,870,6809,3397,239260,1076326,124944,39398,82634,366,10269,5394,1871,2383,271,1.733,68.9,1.689,1.693,1.703,1.876,9712
2019-12-27,7176,0.0,0.0,0.0,0.0,473,1025,6352,4462,242472,1064863,133720,39369,82188,75,10172,5311,1992,2365,252,1.773,68.73,1.732,1.732,1.741,1.912,9161
2020-01-03,8162,0.0,0.0,0.0,0.0,401,806,6730,3064,251609,1066027,139050,39987,82784,-879,8887,5310,1874,2464,244,1.756,68.05,1.714,1.718,1.829,1.9,7176
2020-01-10,9039,0.0,0.0,0.0,0.0,443,608,6552,3481,258287,1063478,147221,40447,81804,-112,9281,5205,1937,2435,272,1.727,67.93,1.688,1.698,1.88,1.883,8162
2020-01-17,8880,0.0,0.0,0.0,0.0,563,809,6432,3414,260032,1063073,146036,42400,80581,87,9535,4954,1872,2357,235,1.694,64.11,1.649,1.66,1.842,1.845,9039
2020-01-24,9606,0.0,0.0,0.0,0.0,543,649,6660,3509,261235,1066621,144747,42789,77236,417,9158,4979,1844,2289,233,1.629,62.2,1.586,1.6,1.786,1.792,8880
2020-01-31,9038,2.0,5.0,2.0,5.0,676,986,6615,3413,261144,1069976,143235,42611,77976,727,9903,4976,1854,2321,201,1.545,58.57,1.5,1.512,1.684,1.689,9606
2020-02-07,9457,23.0,152.0,0.0,14.0,406,622,6978,2970,261049,1077435,141222,42939,71822,527,9241,4837,1803,2273,229,1.523,54.59,1.485,1.649,1.653,1.646,9038
2020-02-14,9744,7.0,215.0,0.0,14.0,421,770,6547,3564,259078,1077850,140587,43638,68726,626,9525,4852,1687,2250,252,1.595,55.33,1.556,1.701,1.699,1.687,9457
2020-02-21,10076,9.0,243.0,1.0,16.0,405,842,6217,3657,256387,1078302,138472,43329,68132,718,9797,4846,1613,2139,235,1.688,58.61,1.65,1.768,1.76,1.744,9744
2020-02-28,10642,46.0,411.0,0.0,21.0,511,812,6238,4154,252048,1079086,134464,41970,64557,845,9758,4648,1640,2095,179,1.537,54.09,1.481,1.585,1.577,1.566,10076
2020-03-06,10941,367.0,2018.0,8.0,49.0,710,745,6412,3410,246999,1086750,128060,42414,61529,1199,9956,4705,1631,2151,276,1.492,50.7,1.508,1.496,1.487,1.476,10642
2020-03-13,9176,2249.0,11146.0,89.0,323.0,688,603,6539,4378,240819,1088704,125120,40666,61379,1027,9974,4686,1603,2062,290,1.044,33.72,1.04,1.05,1.065,1.077,10941
2020-03-20,6444,6425.0,41741.0,642.0,2697.0,834,835,6117,3850,239282,1090327,124442,39588,59424,921,8958,4838,1457,2084,294,0.667,25.65,0.666,0.678,0.707,0.737,9176
